PARAM	TRUE	INITEST	CORREST	CORRLOW	CORRUPP
0.03	0.03	0.027551925388731205	0.02819602706463525	0.02819602706463525	0.02819602706463525
0.03	0.03	0.03131777967596751	0.030410898715284573	0.030410898715284573	0.030410898715284573
0.03	0.03	0.027533020523790953	0.031101603731305088	0.031101603731305088	0.031101603731305088
0.03	0.03	0.030560935495810376	0.03431287453211196	0.03431287453211196	0.03431287453211196
0.03	0.03	0.02953389518279823	0.027726697347185143	0.027726697347185143	0.027726697347185143
0.03	0.03	0.031882145085944696	0.030443724543595896	0.030443724543595896	0.030443724543595896
0.03	0.03	0.03318301893918196	0.03365969625380329	0.03365969625380329	0.03365969625380329
0.03	0.03	0.03294306980982594	0.03202345500878683	0.03202345500878683	0.03202345500878683
0.03	0.03	0.030624575848226705	0.03365951075751976	0.03365951075751976	0.03365951075751976
0.03	0.03	0.02814882854326265	0.028818205794955313	0.028818205794955313	0.028818205794955313
0.03	0.03	0.02906132874040854	0.028223799951524912	0.028223799951524912	0.028223799951524912
0.03	0.03	0.02982991256056072	0.030782949831719354	0.030782949831719354	0.030782949831719354
0.03	0.03	0.030862079905168326	0.03236431266021307	0.03236431266021307	0.03236431266021307
0.03	0.03	0.03137594141181211	0.031249380486418815	0.031249380486418815	0.031249380486418815
0.03	0.03	0.028845726918316095	0.026269270439102786	0.026269270439102786	0.026269270439102786
0.03	0.03	0.030898971295274552	0.030215878587859388	0.030215878587859388	0.030215878587859388
0.03	0.03	0.029241736365024917	0.030505974198640623	0.030505974198640623	0.030505974198640623
0.03	0.03	0.030960097210792577	0.031232459718690195	0.031232459718690195	0.031232459718690195
0.03	0.03	0.02818267120530242	0.024897169614904714	0.024897169614904714	0.024897169614904714
0.03	0.03	0.030021533239500315	0.02844969551317724	0.02844969551317724	0.02844969551317724
0.03	0.03	0.029760387980423984	0.030505174552731378	0.030505174552731378	0.030505174552731378
0.03	0.03	0.03154805779618842	0.03429733286835168	0.03429733286835168	0.03429733286835168
0.03	0.03	0.02909167271371984	0.03169828028776507	0.03169828028776507	0.03169828028776507
0.03	0.03	0.03192571561056626	0.030475137803696616	0.030475137803696616	0.030475137803696616
0.03	0.03	0.02901560140811659	0.032168412231719366	0.032168412231719366	0.032168412231719366
0.03	0.03	0.030048549794030908	0.03320895169501012	0.03320895169501012	0.03320895169501012
0.03	0.03	0.033367029949498334	0.03371348788845353	0.03371348788845353	0.03371348788845353
0.03	0.03	0.029591103857427414	0.02982236056473125	0.02982236056473125	0.02982236056473125
0.03	0.03	0.029690274067907297	0.03114737214844557	0.03114737214844557	0.03114737214844557
0.03	0.03	0.029912578477063006	0.02796488085079333	0.02796488085079333	0.02796488085079333
0.03	0.03	0.028350591230897865	0.029259823030734693	0.029259823030734693	0.029259823030734693
0.03	0.03	0.030382406850279604	0.03086595617126704	0.03086595617126704	0.03086595617126704
0.03	0.03	0.03008891154242985	0.029144958848630026	0.029144958848630026	0.029144958848630026
0.03	0.03	0.028608284641032176	0.029485056232728374	0.029485056232728374	0.029485056232728374
0.03	0.03	0.03298190753343772	0.03255056460872594	0.03255056460872594	0.03255056460872594
0.03	0.03	0.030035052405436368	0.033142649768243174	0.033142649768243174	0.033142649768243174
0.03	0.03	0.028543795695655464	0.029391821531777503	0.029391821531777503	0.029391821531777503
0.03	0.03	0.028266674398314384	0.02687128796191692	0.02687128796191692	0.02687128796191692
0.03	0.03	0.02915202716697846	0.02953671742252481	0.02953671742252481	0.02953671742252481
0.03	0.03	0.03068773470289496	0.031193135221053315	0.031193135221053315	0.031193135221053315
0.03	0.03	0.026927455042629566	0.02371248643322144	0.02371248643322144	0.02371248643322144
0.03	0.03	0.030862079905168326	0.03186660046781176	0.03186660046781176	0.03186660046781176
0.03	0.03	0.030825025264227396	0.031038630703833586	0.031038630703833586	0.031038630703833586
0.03	0.03	0.030062025308687883	0.02931141375975656	0.02931141375975656	0.02931141375975656
0.03	0.03	0.02974641242527816	0.031046715212781798	0.031046715212781798	0.031046715212781798
0.03	0.03	0.03015574881431932	0.03307588110079792	0.03307588110079792	0.03307588110079792
0.03	0.03	0.028830108548578846	0.027816469565771263	0.027816469565771263	0.027816469565771263
0.03	0.03	0.031705602289386965	0.03341677619300869	0.03341677619300869	0.03341677619300869
0.03	0.03	0.028527594576102114	0.02739312831749238	0.02739312831749238	0.02739312831749238
0.03	0.03	0.02813185483965657	0.028320907931082384	0.028320907931082384	0.028320907931082384
0.03	0.03	0.027749327274137224	0.026513679637723997	0.026513679637723997	0.026513679637723997
0.03	0.03	0.032360005249618545	0.03371133162501056	0.03371133162501056	0.03371133162501056
0.03	0.03	0.030278055822409587	0.03442964043293442	0.03442964043293442	0.03442964043293442
0.03	0.03	0.032349668994813154	0.03421541670100818	0.03421541670100818	0.03421541670100818
0.03	0.03	0.03068773470289496	0.029838777526722267	0.029838777526722267	0.029838777526722267
0.03	0.03	0.02851136166199132	0.02902793090512145	0.02902793090512145	0.02902793090512145
0.03	0.03	0.027422708415907708	0.02766674202847496	0.02766674202847496	0.02766674202847496
0.03	0.03	0.03048392128861813	0.029862837630967202	0.029862837630967202	0.029862837630967202
0.03	0.03	0.03106901248699	0.03128827846756284	0.03128827846756284	0.03128827846756284
0.03	0.03	0.029046114647627116	0.029875853428473192	0.029875853428473192	0.029875853428473192
0.03	0.03	0.030535342964374764	0.032178280650415336	0.032178280650415336	0.032178280650415336
0.03	0.03	0.027570798858993252	0.028885998740501437	0.028885998740501437	0.028885998740501437
0.03	0.03	0.029816053936590394	0.02899486205404273	0.02899486205404273	0.02899486205404273
0.03	0.03	0.02985755934252489	0.029720690299284532	0.029720690299284532	0.029720690299284532
0.03	0.03	0.030129077772065842	0.03179568505774849	0.03179568505774849	0.03179568505774849
0.03	0.03	0.030825025264227396	0.03315495368928999	0.03315495368928999	0.03315495368928999
0.03	0.03	0.03141064716827384	0.030205416450103204	0.030205416450103204	0.030205416450103204
0.03	0.03	0.030021533239500315	0.031119688905200348	0.031119688905200348	0.031119688905200348
0.03	0.03	0.03246296993505996	0.03309857176587962	0.03309857176587962	0.03309857176587962
0.03	0.03	0.027273367016000475	0.028819517929594737	0.028819517929594737	0.028819517929594737
0.03	0.03	0.02909167271371984	0.03149443582086921	0.03149443582086921	0.03149443582086921
0.03	0.03	0.029953604029697815	0.02989921619293713	0.02989921619293713	0.02989921619293713
0.03	0.03	0.031422183397529405	0.03137619399935868	0.03137619399935868	0.03137619399935868
0.03	0.03	0.029301003760540012	0.02960170510909885	0.02960170510909885	0.02960170510909885
0.03	0.03	0.031081027144474447	0.0301498582517766	0.0301498582517766	0.0301498582517766
0.03	0.03	0.028012050203298576	0.027480304710941688	0.027480304710941688	0.027480304710941688
0.03	0.03	0.02504376612126993	0.02664832882226921	0.02664832882226921	0.02664832882226921
0.03	0.03	0.02706363930970608	0.023918443851935606	0.023918443851935606	0.023918443851935606
0.03	0.03	0.028672274145173277	0.032474736919438	0.032474736919438	0.032474736919438
0.03	0.03	0.029271423617851344	0.030793519961565465	0.030793519961565465	0.030793519961565465
0.03	0.03	0.027837842839843873	0.026752308105887464	0.026752308105887464	0.026752308105887464
0.03	0.03	0.02947628676541515	0.029845770772000454	0.029845770772000454	0.029845770772000454
0.03	0.03	0.030725401708217314	0.030662997954676835	0.030662997954676835	0.030662997954676835
0.03	0.03	0.029000302411981174	0.02780500966540364	0.02780500966540364	0.02780500966540364
0.03	0.03	0.029885114323211802	0.027651144094227004	0.027651144094227004	0.027651144094227004
0.03	0.03	0.02889240527833419	0.027249467592293613	0.027249467592293613	0.027249467592293613
0.03	0.03	0.029374492439177884	0.03251478253248012	0.03251478253248012	0.03251478253248012
0.03	0.03	0.028400165045137614	0.03080479068998194	0.03080479068998194	0.03080479068998194
0.03	0.03	0.028367148508373755	0.027522354915017328	0.027522354915017328	0.027522354915017328
0.03	0.03	0.030434077497357936	0.02989588601796381	0.02989588601796381	0.02989588601796381
0.03	0.03	0.027767103402877955	0.028374597467384438	0.028374597467384438	0.028374597467384438
0.03	0.03	0.030458037800612587	0.030720480442666467	0.030720480442666467	0.030720480442666467
0.03	0.03	0.027254512724049128	0.026566223699867497	0.026566223699867497	0.026566223699867497
0.03	0.03	0.029718390942460222	0.032107102349760455	0.032107102349760455	0.032107102349760455
0.03	0.03	0.02864034162684705	0.028880518208556485	0.028880518208556485	0.028880518208556485
0.03	0.03	0.02978826777838213	0.031756330720886024	0.031756330720886024	0.031756330720886024
0.03	0.03	0.0301023219016127	0.032038876632738675	0.032038876632738675	0.032038876632738675
0.03	0.03	0.03220364793455022	0.03162132608724371	0.03162132608724371	0.03162132608724371
0.03	0.03	0.03034342759639577	0.034517141632671444	0.034517141632671444	0.034517141632671444
0.03	0.03	0.028300720357960805	0.02761646580537116	0.02761646580537116	0.02761646580537116
0.03	0.03	0.02773151304933598	0.029757419458455135	0.029757419458455135	0.029757419458455135
0.03	0.03	0.030446910711778356	0.03211074678644053	0.03211074678644053	0.03211074678644053
0.03	0.03	0.03104493078662084	0.029504349963770667	0.029504349963770667	0.029504349963770667
0.03	0.03	0.030129077772065842	0.02963357969590498	0.02963357969590498	0.02963357969590498
0.03	0.03	0.027514084250466142	0.02698171052137682	0.02698171052137682	0.02698171052137682
0.03	0.03	0.03549445894724567	0.032524224717792614	0.032524224717792614	0.032524224717792614
0.03	0.03	0.03145669893537366	0.03327964668332556	0.03327964668332556	0.03327964668332556
0.03	0.03	0.028719942817193932	0.02699297492260951	0.02699297492260951	0.02699297492260951
0.03	0.03	0.028543795695655464	0.03081064549471849	0.03081064549471849	0.03081064549471849
0.03	0.03	0.030947907605937842	0.02651189847340553	0.02651189847340553	0.02651189847340553
0.03	0.03	0.03106901248699	0.030855335630229026	0.030855335630229026	0.030855335630229026
0.03	0.03	0.028672274145173277	0.029212693450689983	0.029212693450689983	0.029212693450689983
0.03	0.03	0.027749327274137224	0.028972445462984414	0.028972445462984414	0.028972445462984414
0.03	0.03	0.02838367282661838	0.03269124633851698	0.03269124633851698	0.03269124633851698
0.03	0.03	0.028300720357960805	0.02886992766658563	0.02886992766658563	0.02886992766658563
0.03	0.03	0.03196906496722318	0.03257378862378703	0.03257378862378703	0.03257378862378703
0.03	0.03	0.030251763513939326	0.032119854201260276	0.032119854201260276	0.032119854201260276
0.03	0.03	0.031235672643339256	0.032599996998420505	0.032599996998420505	0.032599996998420505
0.03	0.03	0.029046114647627116	0.029791508937293428	0.029791508937293428	0.029791508937293428
0.03	0.03	0.028233175987369023	0.02792255627908258	0.02792255627908258	0.02792255627908258
0.03	0.03	0.031235672643339256	0.03415396536487762	0.03415396536487762	0.03415396536487762
0.03	0.03	0.02909167271371984	0.030119737078912055	0.030119737078912055	0.030119737078912055
0.03	0.03	0.03016905209472428	0.03067604335473671	0.03067604335473671	0.03067604335473671
0.03	0.03	0.03063724581913806	0.030375520343001568	0.030375520343001568	0.030375520343001568
0.03	0.03	0.03530201481766569	0.03427252655494951	0.03427252655494951	0.03427252655494951
0.03	0.03	0.03141064716827384	0.031049061415576062	0.031049061415576062	0.031049061415576062
0.03	0.03	0.028527594576102114	0.02904313894890565	0.02904313894890565	0.02904313894890565
0.03	0.03	0.03029117103144501	0.029525361981539308	0.029525361981539308	0.029525361981539308
0.03	0.03	0.028233175987369023	0.028368549813752586	0.028368549813752586	0.028368549813752586
0.03	0.03	0.027044315726554663	0.023667425321041907	0.023667425321041907	0.023667425321041907
0.03	0.03	0.02715960933837147	0.02618736383708637	0.02618736383708637	0.02618736383708637
0.03	0.03	0.02970434446623187	0.02930636703085104	0.02930636703085104	0.02930636703085104
0.03	0.03	0.028266674398314384	0.02551256851347634	0.02551256851347634	0.02551256851347634
0.03	0.03	0.03114084362560911	0.033980966893257414	0.033980966893257414	0.033980966893257414
0.03	0.03	0.029816053936590394	0.03280325607024881	0.03280325607024881	0.03280325607024881
0.03	0.03	0.02873577100082671	0.02908786917503504	0.02908786917503504	0.02908786917503504
0.03	0.03	0.030662528370269553	0.030929698141109283	0.030929698141109283	0.030929698141109283
0.03	0.03	0.0307753620378025	0.029036483405238386	0.029036483405238386	0.029036483405238386
0.03	0.03	0.030238586270459975	0.03234531770126338	0.03234531770126338	0.03234531770126338
0.03	0.03	0.03289428002231728	0.033669475492437956	0.033669475492437956	0.033669475492437956
0.03	0.03	0.028400165045137614	0.028909847877193178	0.028909847877193178	0.028909847877193178
0.03	0.03	0.029816053936590394	0.02959705546774442	0.02959705546774442	0.02959705546774442
0.03	0.03	0.03495933274870397	0.036616754124532316	0.036616754124532316	0.036616754124532316
0.03	0.03	0.032235147347779436	0.03262097328594199	0.03262097328594199	0.03262097328594199
0.03	0.03	0.028814460503038146	0.024114826157720308	0.024114826157720308	0.024114826157720308
0.03	0.03	0.029106802758829844	0.0295892770247203	0.0295892770247203	0.0295892770247203
0.03	0.03	0.029241736365024917	0.03151688811978709	0.03151688811978709	0.03151688811978709
0.03	0.03	0.027873842352294214	0.02665601199086859	0.02665601199086859	0.02665601199086859
0.03	0.03	0.030662528370269553	0.03155071711398595	0.03155071711398595	0.03155071711398595
0.03	0.03	0.03197986812743691	0.03271228421887715	0.03271228421887715	0.03271228421887715
0.03	0.03	0.03100867887422653	0.029616129348090797	0.029616129348090797	0.029616129348090797
0.03	0.03	0.031816368264590694	0.033315397155201966	0.033315397155201966	0.033315397155201966
0.03	0.03	0.029121905466220538	0.031414959129509104	0.031414959129509104	0.031414959129509104
0.03	0.03	0.034290636122556756	0.03321219359186485	0.03321219359186485	0.03321219359186485
0.03	0.03	0.02982991256056072	0.03152797028146487	0.03152797028146487	0.03152797028146487
0.03	0.03	0.031282689343750975	0.031532514451272274	0.031532514451272274	0.031532514451272274
0.03	0.03	0.028876875289402085	0.026506298542807494	0.026506298542807494	0.026506298542807494
0.03	0.03	0.03104493078662084	0.03194743792120398	0.03194743792120398	0.03194743792120398
0.03	0.03	0.02947628676541515	0.029333013661729808	0.029333013661729808	0.029333013661729808
0.03	0.03	0.03125921421772519	0.03332142410843868	0.03332142410843868	0.03332142410843868
0.03	0.03	0.031827368104240306	0.031294730958862066	0.031294730958862066	0.031294730958862066
0.03	0.03	0.030129077772065842	0.0304977675637077	0.0304977675637077	0.0304977675637077
0.03	0.03	0.028543795695655464	0.028770211469510042	0.028770211469510042	0.028770211469510042
0.03	0.03	0.027873842352294214	0.030020468602182215	0.030020468602182215	0.030020468602182215
0.03	0.03	0.034794700376959746	0.029562728407176657	0.029562728407176657	0.029562728407176657
0.03	0.03	0.026607932236131372	0.026018166747570723	0.026018166747570723	0.026018166747570723
0.03	0.03	0.027873842352294214	0.02955642499647241	0.02955642499647241	0.02955642499647241
0.03	0.03	0.027855417965022475	0.027716043511183765	0.027716043511183765	0.027716043511183765
0.03	0.03	0.02821637586678104	0.030327976824645227	0.030327976824645227	0.030327976824645227
0.03	0.03	0.028350591230897865	0.027716207551245278	0.027716207551245278	0.027716207551245278
0.03	0.03	0.03161593621535641	0.03201980673489511	0.03201980673489511	0.03201980673489511
0.03	0.03	0.02773151304933598	0.027767256239138532	0.027767256239138532	0.027767256239138532
0.03	0.03	0.028165767170486727	0.026697783153551695	0.026697783153551695	0.026697783153551695
0.03	0.03	0.0320875354774771	0.03224935534438794	0.03224935534438794	0.03224935534438794
0.03	0.03	0.030048549794030908	0.030855363223036898	0.030855363223036898	0.030855363223036898
0.03	0.03	0.03122387746122951	0.030318054292116106	0.030318054292116106	0.030318054292116106
0.03	0.03	0.02916704678005237	0.03178738330872195	0.03178738330872195	0.03178738330872195
0.03	0.03	0.028283372553413847	0.027612510963506493	0.027612510963506493	0.027612510963506493
0.03	0.03	0.029241736365024917	0.0319572636447598	0.0319572636447598	0.0319572636447598
0.03	0.03	0.029562548979768982	0.02985367434168662	0.02985367434168662	0.02985367434168662
0.03	0.03	0.030874394997205852	0.032657117280691865	0.032657117280691865	0.032657117280691865
0.03	0.03	0.02931575404773891	0.028409454377955792	0.028409454377955792	0.028409454377955792
0.03	0.03	0.02732967953515999	0.0266473088670214	0.0266473088670214	0.0266473088670214
0.03	0.03	0.030382406850279604	0.032172604138037755	0.032172604138037755	0.032172604138037755
0.03	0.03	0.028543795695655464	0.025746498372899614	0.025746498372899614	0.025746498372899614
0.03	0.03	0.02847879999772628	0.027466873449484862	0.027466873449484862	0.027466873449484862
0.03	0.03	0.027273367016000475	0.027292221307951822	0.027292221307951822	0.027292221307951822
0.03	0.03	0.033087826898278716	0.03348933361440179	0.03348933361440179	0.03348933361440179
0.03	0.03	0.03015574881431932	0.031025270645667766	0.031025270645667766	0.031025270645667766
0.03	0.03	0.030062025308687883	0.030504490748275277	0.030504490748275277	0.030504490748275277
0.03	0.03	0.028462470486383194	0.027653517354915044	0.027653517354915044	0.027653517354915044
0.03	0.03	0.0289542341433212	0.026394554062560055	0.026394554062560055	0.026394554062560055
0.03	0.03	0.035596462427776226	0.03635875886956953	0.03635875886956953	0.03635875886956953
0.03	0.03	0.026169713560120093	0.027271097788623147	0.027271097788623147	0.027271097788623147
0.03	0.03	0.029562548979768982	0.029406707017077743	0.029406707017077743	0.029406707017077743
0.03	0.03	0.030382406850279604	0.03066249179894651	0.03066249179894651	0.03066249179894651
0.03	0.03	0.031176530568787757	0.0312600365223735	0.0312600365223735	0.0312600365223735
0.03	0.03	0.03016905209472428	0.031126162087718377	0.031126162087718377	0.031126162087718377
0.03	0.03	0.027767103402877955	0.02537845799143659	0.02537845799143659	0.02537845799143659
0.03	0.03	0.036686922030191735	0.03817674003161718	0.03817674003161718	0.03817674003161718
0.03	0.03	0.02901560140811659	0.028909297350012644	0.028909297350012644	0.028909297350012644
0.03	0.03	0.029418272546163974	0.028519205718348525	0.028519205718348525	0.028519205718348525
0.03	0.03	0.031329444793790545	0.033844429084542944	0.033844429084542944	0.033844429084542944
0.03	0.03	0.03137594141181211	0.0297893726366404	0.0297893726366404	0.0297893726366404
0.03	0.03	0.028907905968468827	0.028253262957168672	0.028253262957168672	0.028253262957168672
0.03	0.03	0.02916704678005237	0.031645183953534266	0.031645183953534266	0.031645183953534266
0.03	0.03	0.030222053717522027	0.028794438107420217	0.028794438107420217	0.028794438107420217
0.03	0.03	0.02974641242527816	0.03328006889535969	0.03328006889535969	0.03328006889535969
0.03	0.03	0.03421508734204429	0.03535192395175596	0.03535192395175596	0.03535192395175596
0.03	0.03	0.029374492439177884	0.02667386053563195	0.02667386053563195	0.02667386053563195
0.03	0.03	0.028527594576102114	0.030186761761396848	0.030186761761396848	0.030186761761396848
0.03	0.03	0.026888147893051696	0.02692763368388017	0.02692763368388017	0.02692763368388017
0.03	0.03	0.034096297693654035	0.03350130738959194	0.03350130738959194	0.03350130738959194
0.03	0.03	0.02901560140811659	0.028834198489221474	0.028834198489221474	0.028834198489221474
0.03	0.03	0.02889240527833419	0.028337479629867268	0.028337479629867268	0.028337479629867268
0.03	0.03	0.030251763513939326	0.027444460872201447	0.027444460872201447	0.027444460872201447
0.03	0.03	0.027695769859533426	0.027024391210693097	0.027024391210693097	0.027024391210693097
0.03	0.03	0.03249376917809165	0.03358844452613095	0.03358844452613095	0.03358844452613095
0.03	0.03	0.02940370508187497	0.029961683245433846	0.029961683245433846	0.029961683245433846
0.03	0.03	0.02989885752929217	0.02818177884322793	0.02818177884322793	0.02818177884322793
0.03	0.03	0.028317379921800886	0.029494258594148313	0.029494258594148313	0.029494258594148313
0.03	0.03	0.030837395023797023	0.03096192513986959	0.03096192513986959	0.03096192513986959
0.03	0.03	0.030712864907724458	0.033500331177849056	0.033500331177849056	0.033500331177849056
0.03	0.03	0.031032864236229675	0.027334527880029373	0.027334527880029373	0.027334527880029373
0.03	0.03	0.030712864907724458	0.03383608887651526	0.03383608887651526	0.03383608887651526
0.03	0.03	0.031032864236229675	0.03251749394320598	0.03251749394320598	0.03251749394320598
0.03	0.03	0.02950514104324158	0.028921370544053308	0.028921370544053308	0.028921370544053308
0.03	0.03	0.030356440839770717	0.02867920069024605	0.02867920069024605	0.02867920069024605
0.03	0.03	0.03125921421772519	0.03375109152401828	0.03375109152401828	0.03375109152401828
0.03	0.03	0.03210845546181296	0.031490593994548746	0.031490593994548746	0.031490593994548746
0.03	0.03	0.031660884200829034	0.03517293985839542	0.03517293985839542	0.03517293985839542
0.03	0.03	0.0307003092587147	0.032792333876397226	0.032792333876397226	0.032792333876397226
0.03	0.03	0.027749327274137224	0.025780263605814226	0.025780263605814226	0.025780263605814226
0.03	0.03	0.032442376303360936	0.030960915980993556	0.030960915980993556	0.030960915980993556
0.03	0.03	0.030142423652037693	0.03297389704917496	0.03297389704917496	0.03297389704917496
0.03	0.03	0.03118839237222328	0.031739538925308494	0.031739538925308494	0.031739538925308494
0.03	0.03	0.02957683862474152	0.03029236165734703	0.03029236165734703	0.03029236165734703
0.03	0.03	0.028543795695655464	0.027713098952133045	0.027713098952133045	0.027713098952133045
0.03	0.03	0.029967234266973966	0.03063346477340792	0.03063346477340792	0.03063346477340792
0.03	0.03	0.03246296993505996	0.03176187741699905	0.03176187741699905	0.03176187741699905
0.03	0.03	0.029519530849632068	0.030319118882070204	0.030319118882070204	0.030319118882070204
0.03	0.03	0.032933333651178204	0.033444901043202406	0.033444901043202406	0.033444901043202406
0.03	0.03	0.027404184491930328	0.029427969360717475	0.029427969360717475	0.029427969360717475
0.03	0.03	0.030874394997205852	0.03224364895117013	0.03224364895117013	0.03224364895117013
0.03	0.03	0.03008891154242985	0.03104084294620802	0.03104084294620802	0.03104084294620802
0.03	0.03	0.03171674854710936	0.03225696652543096	0.03225696652543096	0.03225696652543096
0.03	0.03	0.03159337096582339	0.031764558534117374	0.031764558534117374	0.031764558534117374
0.03	0.03	0.030812636857619206	0.0330976791391363	0.0330976791391363	0.0330976791391363
0.03	0.03	0.028751569067204392	0.02725137462046946	0.02725137462046946	0.02725137462046946
0.03	0.03	0.02715960933837147	0.027978529413046647	0.027978529413046647	0.027978529413046647
0.03	0.03	0.02921194210173018	0.030258117032973635	0.030258117032973635	0.030258117032973635
0.03	0.03	0.02760511777429678	0.027843221343012224	0.027843221343012224	0.027843221343012224
0.03	0.03	0.027695769859533426	0.028562687916134876	0.028562687916134876	0.028562687916134876
0.03	0.03	0.029241736365024917	0.028381150828437136	0.028381150828437136	0.028381150828437136
0.03	0.03	0.029953604029697815	0.030091154122805237	0.030091154122805237	0.030091154122805237
0.03	0.03	0.030886691985894155	0.030443939177997766	0.030443939177997766	0.030443939177997766
0.03	0.03	0.03029117103144501	0.0325187337143624	0.0325187337143624	0.0325187337143624
0.03	0.03	0.027873842352294214	0.027565013499286008	0.027565013499286008	0.027565013499286008
0.03	0.03	0.03233932038966594	0.031128158773115276	0.031128158773115276	0.031128158773115276
0.03	0.03	0.03106901248699	0.032851797991009124	0.032851797991009124	0.032851797991009124
0.03	0.03	0.028495096839164805	0.031038701432505856	0.031038701432505856	0.031038701432505856
0.03	0.03	0.030996559950719125	0.032516833136023104	0.032516833136023104	0.032516833136023104
0.03	0.03	0.030535342964374764	0.032955839827682354	0.032955839827682354	0.032955839827682354
0.03	0.03	0.030222053717522027	0.03139799278741694	0.03139799278741694	0.03139799278741694
0.03	0.03	0.0359310188466892	0.036833047550696725	0.036833047550696725	0.036833047550696725
0.03	0.03	0.03016905209472428	0.030129269421972003	0.030129269421972003	0.030129269421972003
0.03	0.03	0.03105698008135071	0.03432911846602278	0.03432911846602278	0.03432911846602278
0.03	0.03	0.02771366063588325	0.02819170474392578	0.02819170474392578	0.02819170474392578
0.03	0.03	0.030935700333225184	0.03305694016341222	0.03305694016341222	0.03305694016341222
0.03	0.03	0.02921194210173018	0.02886133522369138	0.02886133522369138	0.02886133522369138
0.03	0.03	0.03049680644646877	0.033607993076906956	0.033607993076906956	0.033607993076906956
0.03	0.03	0.03015574881431932	0.02755530365234366	0.02755530365234366	0.02755530365234366
0.03	0.03	0.029490726545967696	0.025817390638814518	0.025817390638814518	0.025817390638814518
0.03	0.03	0.02873577100082671	0.025991910917276227	0.025991910917276227	0.025991910917276227
0.03	0.03	0.030075479574548022	0.03269053814592886	0.03269053814592886	0.03269053814592886
0.03	0.03	0.029286226982970873	0.026603388998718565	0.026603388998718565	0.026603388998718565
0.03	0.03	0.029490726545967696	0.028119373186767067	0.028119373186767067	0.028119373186767067
0.03	0.03	0.026789095883631722	0.026829033328071395	0.026829033328071395	0.026829033328071395
0.03	0.03	0.028608284641032176	0.02915296093353673	0.02915296093353673	0.02915296093353673
0.03	0.03	0.02922685279733898	0.030545746793519644	0.030545746793519644	0.030545746793519644
0.03	0.03	0.0289542341433212	0.02967529229927338	0.02967529229927338	0.02967529229927338
0.03	0.03	0.03368562449710651	0.03377549139663138	0.03377549139663138	0.03377549139663138
0.03	0.03	0.027695769859533426	0.027624436316188897	0.027624436316188897	0.027624436316188897
0.03	0.03	0.028012050203298576	0.028883599157143693	0.028883599157143693	0.028883599157143693
0.03	0.03	0.03080023038273259	0.030317771421714206	0.030317771421714206	0.030317771421714206
0.03	0.03	0.027641865948158467	0.028395584003265237	0.028395584003265237	0.028395584003265237
0.03	0.03	0.02989885752929217	0.03014979691200966	0.03014979691200966	0.03014979691200966
0.03	0.03	0.02901560140811659	0.027915492121979003	0.027915492121979003	0.027915492121979003
0.03	0.03	0.03011571069425418	0.03129260124139249	0.03129260124139249	0.03129260124139249
0.03	0.03	0.031212065695817713	0.02953964219643209	0.02953964219643209	0.02953964219643209
0.03	0.03	0.029967234266973966	0.028889537747327092	0.028889537747327092	0.028889537747327092
0.03	0.03	0.030509671737397003	0.0308237483162353	0.0308237483162353	0.0308237483162353
0.03	0.03	0.028046457979555465	0.02836140290977495	0.02836140290977495	0.02836140290977495
0.03	0.03	0.03151391422408235	0.03118947666158882	0.03118947666158882	0.03118947666158882
0.03	0.03	0.02747945129156999	0.027914586856585315	0.027914586856585315	0.027914586856585315
0.03	0.03	0.03063724581913806	0.02877048065106235	0.02877048065106235	0.02877048065106235
0.03	0.03	0.029967234266973966	0.030603990675899088	0.030603990675899088	0.030603990675899088
0.03	0.03	0.03015574881431932	0.02973682876262194	0.02973682876262194	0.02973682876262194
0.03	0.03	0.029732413533725223	0.030824485440603396	0.030824485440603396	0.030824485440603396
0.03	0.03	0.030062025308687883	0.029741643767096163	0.029741643767096163	0.029741643767096163
0.03	0.03	0.029760387980423984	0.02983050189294067	0.02983050189294067	0.02983050189294067
0.03	0.03	0.029030872353141265	0.030769565243811397	0.030769565243811397	0.030769565243811397
0.03	0.03	0.03138752556915394	0.030068709513747238	0.030068709513747238	0.030068709513747238
0.03	0.03	0.030649896717439506	0.027969915458106245	0.027969915458106245	0.027969915458106245
0.03	0.03	0.030264920007193153	0.031169992864262728	0.031169992864262728	0.031169992864262728
0.03	0.03	0.031694445790691236	0.03208279243373956	0.03208279243373956	0.03208279243373956
0.03	0.03	0.027533020523790953	0.028296891098631025	0.028296891098631025	0.028296891098631025
0.03	0.03	0.029605344103085685	0.030893308284370483	0.030893308284370483	0.030893308284370483
0.03	0.03	0.02797749853140921	0.02963598502718284	0.02963598502718284	0.02963598502718284
0.03	0.03	0.02662824614717565	0.028336616924908613	0.028336616924908613	0.028336616924908613
0.03	0.03	0.027422708415907708	0.026046634107790265	0.026046634107790265	0.026046634107790265
0.03	0.03	0.026485065139674607	0.029320737577493493	0.029320737577493493	0.029320737577493493
0.03	0.03	0.032349668994813154	0.030603040295972272	0.030603040295972272	0.030603040295972272
0.03	0.03	0.030837395023797023	0.032659188639477456	0.032659188639477456	0.032659188639477456
0.03	0.03	0.03125921421772519	0.025760699343104397	0.025760699343104397	0.025760699343104397
0.03	0.03	0.031570743787040126	0.02979301377026721	0.02979301377026721	0.02979301377026721
0.03	0.03	0.02974641242527816	0.03262439745974894	0.03262439745974894	0.03262439745974894
0.03	0.03	0.029030872353141265	0.027718317109886762	0.027718317109886762	0.027718317109886762
0.03	0.03	0.029030872353141265	0.030676124890251944	0.030676124890251944	0.030676124890251944
0.03	0.03	0.031882145085944696	0.03141462117707624	0.03141462117707624	0.03141462117707624
0.03	0.03	0.028830108548578846	0.030180765805587702	0.030180765805587702	0.030180765805587702
0.03	0.03	0.0307753620378025	0.02744588949274837	0.02744588949274837	0.02744588949274837
0.03	0.03	0.029676179660820985	0.02949479997911708	0.02949479997911708	0.02949479997911708
0.03	0.03	0.031105004946269058	0.03163534102652142	0.03163534102652142	0.03163534102652142
0.03	0.03	0.02892337757380028	0.030061913450921927	0.030061913450921927	0.030061913450921927
0.03	0.03	0.031341093018411315	0.03144651339348337	0.03144651339348337	0.03144651339348337
0.03	0.03	0.02963375118742176	0.03134210373724366	0.03134210373724366	0.03134210373724366
0.03	0.03	0.030446910711778356	0.031133433443132727	0.031133433443132727	0.031133433443132727
0.03	0.03	0.027784841696678636	0.029002519015108513	0.029002519015108513	0.029002519015108513
0.03	0.03	0.029359847150123578	0.03150301605854036	0.03150301605854036	0.03150301605854036
0.03	0.03	0.02814882854326265	0.026537269106101317	0.026537269106101317	0.026537269106101317
0.03	0.03	0.027855417965022475	0.02884240853923757	0.02884240853923757	0.02884240853923757
0.03	0.03	0.03217203391285242	0.03125624092742613	0.03125624092742613	0.03125624092742613
0.03	0.03	0.02865632330715995	0.027693086745219413	0.027693086745219413	0.027693086745219413
0.03	0.03	0.02773151304933598	0.027046402386608076	0.027046402386608076	0.027046402386608076
0.03	0.03	0.028559965531979165	0.032906340623462926	0.032906340623462926	0.032906340623462926
0.03	0.03	0.03122387746122951	0.031772613740687856	0.031772613740687856	0.031772613740687856
0.03	0.03	0.03016905209472428	0.028434146045695878	0.028434146045695878	0.028434146045695878
0.03	0.03	0.03063724581913806	0.03013364801266701	0.03013364801266701	0.03013364801266701
0.03	0.03	0.027623820273836468	0.026448857823647785	0.026448857823647785	0.026448857823647785
0.03	0.03	0.02944733092680111	0.030174719036408285	0.030174719036408285	0.030174719036408285
0.03	0.03	0.029046114647627116	0.028895224968242525	0.028895224968242525	0.028895224968242525
0.03	0.03	0.030649896717439506	0.02831788590144129	0.02831788590144129	0.02831788590144129
0.03	0.03	0.02898497491055045	0.030964412055697586	0.030964412055697586	0.030964412055697586
0.03	0.03	0.02706363930970608	0.02983227894551553	0.02983227894551553	0.02983227894551553
0.03	0.03	0.0300079918664585	0.030062379703219184	0.030062379703219184	0.030062379703219184
0.03	0.03	0.03104493078662084	0.031541712512505274	0.031541712512505274	0.031541712512505274
0.03	0.03	0.030649896717439506	0.030599484176164312	0.030599484176164312	0.030599484176164312
0.03	0.03	0.02961955986910049	0.028843761138771157	0.028843761138771157	0.028843761138771157
0.03	0.03	0.03438212497742391	0.03706980416415659	0.03706980416415659	0.03706980416415659
0.03	0.03	0.02978826777838213	0.032024610168033055	0.032024610168033055	0.032024610168033055
0.03	0.03	0.03360478509581642	0.03300291611135006	0.03300291611135006	0.03300291611135006
0.03	0.03	0.029345175454291002	0.029860242360003158	0.029860242360003158	0.029860242360003158
0.03	0.03	0.028907905968468827	0.025922753352686345	0.025922753352686345	0.025922753352686345
0.03	0.03	0.027044315726554663	0.026374970817226076	0.026374970817226076	0.026374970817226076
0.03	0.03	0.03256520810186076	0.03069054680466076	0.03069054680466076	0.03069054680466076
0.03	0.03	0.029418272546163974	0.031303524568536994	0.031303524568536994	0.031303524568536994
0.03	0.03	0.027348367517796696	0.028877109857365905	0.028877109857365905	0.028877109857365905
0.03	0.03	0.03426552254641101	0.035044339980431403	0.035044339980431403	0.035044339980431403
0.03	0.03	0.030548149060736402	0.03287992225469176	0.03287992225469176	0.03287992225469176
0.03	0.03	0.02922685279733898	0.02922685279733898	0.02922685279733898	0.02922685279733898
0.03	0.03	0.02922685279733898	0.029422833241536696	0.029422833241536696	0.029422833241536696
0.03	0.03	0.028719942817193932	0.02859415871607177	0.02859415871607177	0.02859415871607177
0.03	0.03	0.02953389518279823	0.030006461625187917	0.030006461625187917	0.030006461625187917
0.03	0.03	0.030208834767476555	0.030009376427304498	0.030009376427304498	0.030009376427304498
0.03	0.03	0.0320551118606637	0.03335980447130774	0.03335980447130774	0.03335980447130774
0.03	0.03	0.03386268461086505	0.034367612469089114	0.034367612469089114	0.034367612469089114
0.03	0.03	0.0301023219016127	0.030771829058093916	0.030771829058093916	0.030771829058093916
0.03	0.03	0.028719942817193932	0.027364406059839842	0.027364406059839842	0.027364406059839842
0.03	0.03	0.02747945129156999	0.02667553002972613	0.02667553002972613	0.02667553002972613
0.03	0.03	0.025773470500622616	0.026096724634458387	0.026096724634458387	0.026096724634458387
0.03	0.03	0.02950514104324158	0.0310674803382524	0.0310674803382524	0.0310674803382524
0.03	0.03	0.029885114323211802	0.027964872670371815	0.027964872670371815	0.027964872670371815
0.03	0.03	0.029885114323211802	0.02995417470983321	0.02995417470983321	0.02995417470983321
0.03	0.03	0.028400165045137614	0.02880553767141404	0.02880553767141404	0.02880553767141404
0.03	0.03	0.03201219603717229	0.031449026455160234	0.031449026455160234	0.031449026455160234
0.03	0.03	0.030304265242474555	0.030412935326390403	0.030412935326390403	0.030412935326390403
0.03	0.03	0.028367148508373755	0.02880889837914765	0.02880889837914765	0.02880889837914765
0.03	0.03	0.030560935495810376	0.03014960201486869	0.03014960201486869	0.03014960201486869
0.03	0.03	0.02978826777838213	0.03037953122975255	0.03037953122975255	0.03037953122975255
0.03	0.03	0.030548149060736402	0.029651088663703466	0.029651088663703466	0.029651088663703466
0.03	0.03	0.030560935495810376	0.03105984568293287	0.03105984568293287	0.03105984568293287
0.03	0.03	0.028814460503038146	0.030526764506468827	0.030526764506468827	0.030526764506468827
0.03	0.03	0.028416623712063882	0.027787132776500648	0.027787132776500648	0.027787132776500648
0.03	0.03	0.025426995433404407	0.02552039194500453	0.02552039194500453	0.02552039194500453
0.03	0.03	0.03015574881431932	0.032706379854341855	0.032706379854341855	0.032706379854341855
0.03	0.03	0.028046457979555465	0.03265371253884028	0.03265371253884028	0.03265371253884028
0.03	0.03	0.02859220956252145	0.03043526068585085	0.03043526068585085	0.03043526068585085
0.03	0.03	0.030458037800612587	0.03176404843424671	0.03176404843424671	0.03176404843424671
0.03	0.03	0.029271423617851344	0.03117583303012135	0.03117583303012135	0.03117583303012135
0.03	0.03	0.03144520945776934	0.03089976124973222	0.03089976124973222	0.03089976124973222
0.03	0.03	0.02859220956252145	0.026674747387645897	0.026674747387645897	0.026674747387645897
0.03	0.03	0.027005537765403317	0.02722197964717491	0.02722197964717491	0.02722197964717491
0.03	0.03	0.031649669327623836	0.030683460768803197	0.030683460768803197	0.030683460768803197
0.03	0.03	0.03016905209472428	0.029789955128712155	0.029789955128712155	0.029789955128712155
0.03	0.03	0.028495096839164805	0.029082234877171292	0.029082234877171292	0.029082234877171292
0.03	0.03	0.03042120613206742	0.03329048687540363	0.03329048687540363	0.03329048687540363
0.03	0.03	0.033613803436591365	0.03732874934389056	0.03732874934389056	0.03732874934389056
0.03	0.03	0.030662528370269553	0.03162071227430724	0.03162071227430724	0.03162071227430724
0.03	0.03	0.02747945129156999	0.027914586856585315	0.027914586856585315	0.027914586856585315
0.03	0.03	0.02906132874040854	0.030302452644938846	0.030302452644938846	0.030302452644938846
0.03	0.03	0.029926276269803865	0.03160261030887469	0.03160261030887469	0.03160261030887469
0.03	0.03	0.02719769772469202	0.028712447475672614	0.028712447475672614	0.028712447475672614
0.03	0.03	0.02982991256056072	0.030644223713004848	0.030644223713004848	0.030644223713004848
0.03	0.03	0.028300720357960805	0.030849418154213156	0.030849418154213156	0.030849418154213156
0.03	0.03	0.028416623712063882	0.028241037861606314	0.028241037861606314	0.028241037861606314
0.03	0.03	0.029030872353141265	0.02653643398306075	0.02653643398306075	0.02653643398306075
0.03	0.03	0.030712864907724458	0.03132340791383621	0.03132340791383621	0.03132340791383621
0.03	0.03	0.027422708415907708	0.028675703271695323	0.028675703271695323	0.028675703271695323
0.03	0.03	0.0307753620378025	0.030362331703381724	0.030362331703381724	0.030362331703381724
0.03	0.03	0.03219312281333494	0.030799524705802384	0.030799524705802384	0.030799524705802384
0.03	0.03	0.029843747531386428	0.030269222516608883	0.030269222516608883	0.030269222516608883
0.03	0.03	0.029760387980423984	0.028708139103228763	0.028708139103228763	0.028708139103228763
0.03	0.03	0.03011571069425418	0.03011571069425418	0.03011571069425418	0.03011571069425418
0.03	0.03	0.029519530849632068	0.03189856044981068	0.03189856044981068	0.03189856044981068
0.03	0.03	0.030304265242474555	0.03256207250539364	0.03256207250539364	0.03256207250539364
0.03	0.03	0.02873577100082671	0.025878171035830032	0.025878171035830032	0.025878171035830032
0.03	0.03	0.02940370508187497	0.03047340928730268	0.03047340928730268	0.03047340928730268
0.03	0.03	0.030195595158558707	0.02864110786936192	0.02864110786936192	0.02864110786936192
0.03	0.03	0.028576103387914085	0.026681209849844272	0.026681209849844272	0.026681209849844272
0.03	0.03	0.02893882014711587	0.027469347186583126	0.027469347186583126	0.027469347186583126
0.03	0.03	0.030522517222925642	0.02976234510210031	0.02976234510210031	0.02976234510210031
0.03	0.03	0.028283372553413847	0.031671865136328914	0.031671865136328914	0.031671865136328914
0.03	0.03	0.031176530568787757	0.03000339214276236	0.03000339214276236	0.03000339214276236
0.03	0.03	0.029121905466220538	0.029993868701708042	0.029993868701708042	0.029993868701708042
0.03	0.03	0.031694445790691236	0.03040698404794475	0.03040698404794475	0.03040698404794475
0.03	0.03	0.02985755934252489	0.03156629014178713	0.03156629014178713	0.03156629014178713
0.03	0.03	0.03348670511239062	0.03532374089715741	0.03532374089715741	0.03532374089715741
0.03	0.03	0.02879878272402515	0.028957223821203252	0.028957223821203252	0.028957223821203252
0.03	0.03	0.032033680989295384	0.033828775708130795	0.033828775708130795	0.033828775708130795
0.03	0.03	0.0301023219016127	0.029682126580299756	0.029682126580299756	0.029682126580299756
0.03	0.03	0.030509671737397003	0.03109306720499014	0.03109306720499014	0.03109306720499014
0.03	0.03	0.02925659320085902	0.03008347036551257	0.03008347036551257	0.03008347036551257
0.03	0.03	0.02954823452925337	0.028197497763232188	0.028197497763232188	0.028197497763232188
0.03	0.03	0.030182334184736603	0.030195616274748927	0.030195616274748927	0.030195616274748927
0.03	0.03	0.0334500533882924	0.036112301314827004	0.036112301314827004	0.036112301314827004
0.03	0.03	0.02873577100082671	0.030141862466493433	0.030141862466493433	0.030141862466493433
0.03	0.03	0.035052095241281944	0.03622399125512543	0.03622399125512543	0.03622399125512543
0.03	0.03	0.028751569067204392	0.029989053883942643	0.029989053883942643	0.029989053883942643
0.03	0.03	0.02859220956252145	0.02801737234499053	0.02801737234499053	0.02801737234499053
0.03	0.03	0.032150893353030494	0.03283361391036086	0.03283361391036086	0.03283361391036086
0.03	0.03	0.02765987264406284	0.028141070484785223	0.028141070484785223	0.028141070484785223
0.03	0.03	0.02818267120530242	0.02879454355161159	0.02879454355161159	0.02879454355161159
0.03	0.03	0.030947907605937842	0.03236192002907745	0.03236192002907745	0.03236192002907745
0.03	0.03	0.029345175454291002	0.028468297191059977	0.028468297191059977	0.028468297191059977
0.03	0.03	0.02938911171812252	0.02835701730417762	0.02835701730417762	0.02835701730417762
0.03	0.03	0.029591103857427414	0.02859638391574405	0.02859638391574405	0.02859638391574405
0.03	0.03	0.029774339626553157	0.029554250867341068	0.029554250867341068	0.029554250867341068
0.03	0.03	0.030874394997205852	0.026065768548621734	0.026065768548621734	0.026065768548621734
0.03	0.03	0.02978826777838213	0.027542854567468876	0.027542854567468876	0.027542854567468876
0.03	0.03	0.031694445790691236	0.03454316466306638	0.03454316466306638	0.03454316466306638
0.03	0.03	0.03189305858425131	0.03241017575669051	0.03241017575669051	0.03241017575669051
0.03	0.03	0.029000302411981174	0.029473010247860233	0.029473010247860233	0.029473010247860233
0.03	0.03	0.028462470486383194	0.029861301663060308	0.029861301663060308	0.029861301663060308
0.03	0.03	0.029418272546163974	0.028855702893686393	0.028855702893686393	0.028855702893686393
0.03	0.03	0.031738984160668886	0.03422137512047875	0.03422137512047875	0.03422137512047875
0.03	0.03	0.028624328492939388	0.029288488628304025	0.029288488628304025	0.029288488628304025
0.03	0.03	0.030382406850279604	0.028540153063908766	0.028540153063908766	0.028540153063908766
0.03	0.03	0.02614811740557902	0.025408086918106344	0.025408086918106344	0.025408086918106344
0.03	0.03	0.0307753620378025	0.02815593281725831	0.02815593281725831	0.02815593281725831
0.03	0.03	0.031282689343750975	0.03208145739888382	0.03208145739888382	0.03208145739888382
0.03	0.03	0.029718390942460222	0.028875846389110067	0.028875846389110067	0.028875846389110067
0.03	0.03	0.03129440238647854	0.03143604820031609	0.03143604820031609	0.03143604820031609
0.03	0.03	0.028814460503038146	0.03002380323177951	0.03002380323177951	0.03002380323177951
0.03	0.03	0.030837395023797023	0.03190045042104089	0.03190045042104089	0.03190045042104089
0.03	0.03	0.029000302411981174	0.027657177227566578	0.027657177227566578	0.027657177227566578
0.03	0.03	0.02938911171812252	0.027413882125585702	0.027413882125585702	0.027413882125585702
0.03	0.03	0.027837842839843873	0.02805186540585128	0.02805186540585128	0.02805186540585128
0.03	0.03	0.029374492439177884	0.03143803462345533	0.03143803462345533	0.03143803462345533
0.03	0.03	0.02966206083471185	0.03216451233105223	0.03216451233105223	0.03216451233105223
0.03	0.03	0.02918203901449999	0.02934847662088339	0.02934847662088339	0.02934847662088339
0.03	0.03	0.029121905466220538	0.028898635478150074	0.028898635478150074	0.028898635478150074
0.03	0.03	0.030535342964374764	0.03011058871795695	0.03011058871795695	0.03011058871795695
0.03	0.03	0.03189305858425131	0.030064798868468558	0.030064798868468558	0.030064798868468558
0.03	0.03	0.02950514104324158	0.03053148208875688	0.03053148208875688	0.03053148208875688
0.03	0.03	0.032129700630342914	0.03405056649320927	0.03405056649320927	0.03405056649320927
0.03	0.03	0.028165767170486727	0.0261226995734969	0.0261226995734969	0.0261226995734969
0.03	0.03	0.03258551160947101	0.030088210758314554	0.030088210758314554	0.030088210758314554
0.03	0.03	0.029718390942460222	0.027201634537141008	0.027201634537141008	0.027201634537141008
0.03	0.03	0.028416623712063882	0.027576654223268743	0.027576654223268743	0.027576654223268743
0.03	0.03	0.03278596978185672	0.03426584041607053	0.03426584041607053	0.03426584041607053
0.03	0.03	0.029046114647627116	0.029184323326785406	0.029184323326785406	0.029184323326785406
0.03	0.03	0.029843747531386428	0.03143755283203982	0.03143755283203982	0.03143755283203982
0.03	0.03	0.028719942817193932	0.028928523972396546	0.028928523972396546	0.028928523972396546
0.03	0.03	0.03249376917809165	0.03312726225285062	0.03312726225285062	0.03312726225285062
0.03	0.03	0.02797749853140921	0.030340331453723092	0.030340331453723092	0.030340331453723092
0.03	0.03	0.03127095997053903	0.032276999933884915	0.032276999933884915	0.032276999933884915
0.03	0.03	0.0265056606851337	0.02784544453559763	0.02784544453559763	0.02784544453559763
0.03	0.03	0.03280576299485367	0.03197971217889209	0.03197971217889209	0.03197971217889209
0.03	0.03	0.029994428385765246	0.03098855435954932	0.03098855435954932	0.03098855435954932
0.03	0.03	0.030996559950719125	0.03489096340183079	0.03489096340183079	0.03489096340183079
0.03	0.03	0.03201219603717229	0.03348904910996982	0.03348904910996982	0.03348904910996982
0.03	0.03	0.031212065695817713	0.03215921138444228	0.03215921138444228	0.03215921138444228
0.03	0.03	0.032033680989295384	0.03400533666990288	0.03400533666990288	0.03400533666990288
0.03	0.03	0.031705602289386965	0.02888132652527385	0.02888132652527385	0.02888132652527385
0.03	0.03	0.02957683862474152	0.02903796655522886	0.02903796655522886	0.02903796655522886
0.03	0.03	0.02690782371282716	0.02543197459903594	0.02543197459903594	0.02543197459903594
0.03	0.03	0.029926276269803865	0.02879557245825702	0.02879557245825702	0.02879557245825702
0.03	0.03	0.02961955986910049	0.029354005414989177	0.029354005414989177	0.029354005414989177
0.03	0.03	0.0300079918664585	0.029940504158368977	0.029940504158368977	0.029940504158368977
0.03	0.03	0.030035052405436368	0.03135016199367881	0.03135016199367881	0.03135016199367881
0.03	0.03	0.030278055822409587	0.03061616031565751	0.03061616031565751	0.03061616031565751
0.03	0.03	0.03266625169640984	0.032311931382276546	0.032311931382276546	0.032311931382276546
0.03	0.03	0.032473248342620865	0.03396207317171462	0.03396207317171462	0.03396207317171462
0.03	0.03	0.029330477858048844	0.03193183438819851	0.03193183438819851	0.03193183438819851
0.03	0.03	0.02944733092680111	0.031056819013758345	0.031056819013758345	0.031056819013758345
0.03	0.03	0.028830108548578846	0.028493170317105323	0.028493170317105323	0.028493170317105323
0.03	0.03	0.030251763513939326	0.027827235626370017	0.027827235626370017	0.027827235626370017
0.03	0.03	0.030923475227067603	0.030096868006379715	0.030096868006379715	0.030096868006379715
0.03	0.03	0.028830108548578846	0.027788868808899685	0.027788868808899685	0.027788868808899685
0.03	0.03	0.029432814745131482	0.02865679472278641	0.02865679472278641	0.02865679472278641
0.03	0.03	0.028233175987369023	0.026581237651526243	0.026581237651526243	0.026581237651526243
0.03	0.03	0.02921194210173018	0.032104872167824774	0.032104872167824774	0.032104872167824774
0.03	0.03	0.0301023219016127	0.029479242095008084	0.029479242095008084	0.029479242095008084
0.03	0.03	0.02864034162684705	0.028434956335378004	0.028434956335378004	0.028434956335378004
0.03	0.03	0.02771366063588325	0.029129078049295685	0.029129078049295685	0.029129078049295685
0.03	0.03	0.027784841696678636	0.026447777927136734	0.026447777927136734	0.026447777927136734
0.03	0.03	0.028283372553413847	0.02624940573284827	0.02624940573284827	0.02624940573284827
0.03	0.03	0.031128914402331585	0.030332113194096913	0.030332113194096913	0.030332113194096913
0.03	0.03	0.026927455042629566	0.027728438873374384	0.027728438873374384	0.027728438873374384
0.03	0.03	0.0334316711983255	0.030873209855694098	0.030873209855694098	0.030873209855694098
0.03	0.03	0.031468172795700126	0.033064997303142246	0.033064997303142246	0.033064997303142246
0.03	0.03	0.029286226982970873	0.030322511735208713	0.030322511735208713	0.030322511735208713
0.03	0.03	0.03143370424865867	0.030716515144286846	0.030716515144286846	0.030716515144286846
0.03	0.03	0.03186027610333268	0.03147493087756902	0.03147493087756902	0.03147493087756902
0.03	0.03	0.02916704678005237	0.027748269760993958	0.027748269760993958	0.027748269760993958
0.03	0.03	0.02859220956252145	0.029189626706181714	0.029189626706181714	0.029189626706181714
0.03	0.03	0.027514084250466142	0.028624180284066297	0.028624180284066297	0.028624180284066297
0.03	0.03	0.031958248147898376	0.03345845849518417	0.03345845849518417	0.03345845849518417
0.03	0.03	0.0300079918664585	0.03139165523997761	0.03139165523997761	0.03139165523997761
0.03	0.03	0.026789095883631722	0.026211177561682106	0.026211177561682106	0.026211177561682106
0.03	0.03	0.029046114647627116	0.02959713245608943	0.02959713245608943	0.02959713245608943
0.03	0.03	0.028876875289402085	0.030728801982482953	0.030728801982482953	0.030728801982482953
0.03	0.03	0.027820204835878236	0.026968135526583194	0.026968135526583194	0.026968135526583194
0.03	0.03	0.029939951329161663	0.029844850252886957	0.029844850252886957	0.029844850252886957
0.03	0.03	0.03068773470289496	0.03150412111753191	0.03150412111753191	0.03150412111753191
0.03	0.03	0.030048549794030908	0.02451514130495585	0.02451514130495585	0.02451514130495585
0.03	0.03	0.029359847150123578	0.03223462916057255	0.03223462916057255	0.03223462916057255
0.03	0.03	0.029197004327011708	0.029977384941959534	0.029977384941959534	0.029977384941959534
0.03	0.03	0.029690274067907297	0.029718487301102745	0.029718487301102745	0.029718487301102745
0.03	0.03	0.029519530849632068	0.02899051190523323	0.02899051190523323	0.02899051190523323
0.03	0.03	0.028495096839164805	0.029604573862299022	0.029604573862299022	0.029604573862299022
0.03	0.03	0.0324835145203912	0.0321513863122802	0.0321513863122802	0.0321513863122802
0.03	0.03	0.028751569067204392	0.027969242951610556	0.027969242951610556	0.027969242951610556
0.03	0.03	0.02818267120530242	0.028923982979543805	0.028923982979543805	0.028923982979543805
0.03	0.03	0.03204440296208798	0.028742027598264462	0.028742027598264462	0.028742027598264462
0.03	0.03	0.026729121327899185	0.02655041894297121	0.02655041894297121	0.02655041894297121
0.03	0.03	0.029046114647627116	0.03295063420196187	0.03295063420196187	0.03295063420196187
0.03	0.03	0.029953604029697815	0.03131499849687418	0.03131499849687418	0.03131499849687418
0.03	0.03	0.03016905209472428	0.03136848522302094	0.03136848522302094	0.03136848522302094
0.03	0.03	0.030837395023797023	0.029450129410943604	0.029450129410943604	0.029450129410943604
0.03	0.03	0.029241736365024917	0.026579514586297155	0.026579514586297155	0.026579514586297155
0.03	0.03	0.030560935495810376	0.029239725905676056	0.029239725905676056	0.029239725905676056
0.03	0.03	0.030611419824621205	0.030775928937464055	0.030775928937464055	0.030775928937464055
0.03	0.03	0.02909167271371984	0.029933403196706645	0.029933403196706645	0.029933403196706645
0.03	0.03	0.02913698013865168	0.029649631784363972	0.029649631784363972	0.029649631784363972
0.03	0.03	0.032555038636090085	0.03442234256928521	0.03442234256928521	0.03442234256928521
0.03	0.03	0.030712864907724458	0.030825433166064776	0.030825433166064776	0.030825433166064776
0.03	0.03	0.03137594141181211	0.028287374804752775	0.028287374804752775	0.028287374804752775
0.03	0.03	0.02792539863759986	0.027323202699097604	0.027323202699097604	0.027323202699097604
0.03	0.03	0.029926276269803865	0.03091373239249186	0.03091373239249186	0.03091373239249186
0.03	0.03	0.02921194210173018	0.03181595196732899	0.03181595196732899	0.03181595196732899
0.03	0.03	0.03151391422408235	0.025862009691192546	0.025862009691192546	0.025862009691192546
0.03	0.03	0.0321190845521966	0.032399817317817325	0.032399817317817325	0.032399817317817325
0.03	0.03	0.0307753620378025	0.03146181253317515	0.03146181253317515	0.03146181253317515
0.03	0.03	0.0300079918664585	0.029391407884690295	0.029391407884690295	0.029391407884690295
0.03	0.03	0.028830108548578846	0.0301997960939905	0.0301997960939905	0.0301997960939905
0.03	0.03	0.02906132874040854	0.028128229095051836	0.028128229095051836	0.028128229095051836
0.03	0.03	0.0301023219016127	0.02879399663495156	0.02879399663495156	0.02879399663495156
0.03	0.03	0.029106802758829844	0.027144593030669687	0.027144593030669687	0.027144593030669687
0.03	0.03	0.029605344103085685	0.0302718680590555	0.0302718680590555	0.0302718680590555
0.03	0.03	0.029076514690770133	0.03168860725228873	0.03168860725228873	0.03168860725228873
0.03	0.03	0.033249043487040206	0.0345182188466435	0.0345182188466435	0.0345182188466435
0.03	0.03	0.03207512434272382	0.029851257108123724	0.029851257108123724	0.029851257108123724
0.03	0.03	0.029519530849632068	0.02967921454914056	0.02967921454914056	0.02967921454914056
0.03	0.03	0.029359847150123578	0.02844163847783757	0.02844163847783757	0.02844163847783757
0.03	0.03	0.034691287997716126	0.03245322779042739	0.03245322779042739	0.03245322779042739
0.03	0.03	0.02818267120530242	0.028457383609446524	0.028457383609446524	0.028457383609446524
0.03	0.03	0.03179432937275307	0.03271426374830028	0.03271426374830028	0.03271426374830028
0.03	0.03	0.03256520810186076	0.03336925336391322	0.03336925336391322	0.03336925336391322
0.03	0.03	0.029271423617851344	0.030847077376169263	0.030847077376169263	0.030847077376169263
0.03	0.03	0.02796016835757475	0.027754569544662776	0.027754569544662776	0.027754569544662776
0.03	0.03	0.03192571561056626	0.03436070467516482	0.03436070467516482	0.03436070467516482
0.03	0.03	0.029718390942460222	0.03043647947293927	0.03043647947293927	0.03043647947293927
0.03	0.03	0.02747945129156999	0.028249864165696432	0.028249864165696432	0.028249864165696432
0.03	0.03	0.030195595158558707	0.029226538331237572	0.029226538331237572	0.029226538331237572
0.03	0.03	0.030825025264227396	0.03227555808927691	0.03227555808927691	0.03227555808927691
0.03	0.03	0.031093024615202018	0.0343658443945258	0.0343658443945258	0.0343658443945258
0.03	0.03	0.02947628676541515	0.03232432738365465	0.03232432738365465	0.03232432738365465
0.03	0.03	0.02947628676541515	0.023198026897622973	0.023198026897622973	0.023198026897622973
0.03	0.03	0.030972268976752062	0.031206617991415882	0.031206617991415882	0.031206617991415882
0.03	0.03	0.033249043487040206	0.034179500981344924	0.034179500981344924	0.034179500981344924
0.03	0.03	0.031816368264590694	0.03430225867113254	0.03430225867113254	0.03430225867113254
0.03	0.03	0.027385619816030587	0.029977076596542387	0.029977076596542387	0.029977076596542387
0.03	0.03	0.030062025308687883	0.02954938175135907	0.02954938175135907	0.02954938175135907
0.03	0.03	0.03419821294773512	0.03313939083122356	0.03313939083122356	0.03313939083122356
0.03	0.03	0.028495096839164805	0.028978143475031033	0.028978143475031033	0.028978143475031033
0.03	0.03	0.02802927203245841	0.0257021032251461	0.0257021032251461	0.0257021032251461
0.03	0.03	0.030886691985894155	0.03137802537235849	0.03137802537235849	0.03137802537235849
0.03	0.03	0.03042120613206742	0.032559039710720994	0.032559039710720994	0.032559039710720994
0.03	0.03	0.02864034162684705	0.03100373735710166	0.03100373735710166	0.03100373735710166
0.03	0.03	0.030649896717439506	0.03115736978284132	0.03115736978284132	0.03115736978284132
0.03	0.03	0.029690274067907297	0.024940678736753832	0.024940678736753832	0.024940678736753832
0.03	0.03	0.028012050203298576	0.027399771913657764	0.027399771913657764	0.027399771913657764
0.03	0.03	0.027178674803340457	0.024610937181402753	0.024610937181402753	0.024610937181402753
0.03	0.03	0.032625976119549156	0.03190347843528527	0.03190347843528527	0.03190347843528527
0.03	0.03	0.032276967213374495	0.03022992257472011	0.03022992257472011	0.03022992257472011
0.03	0.03	0.02864034162684705	0.028624359946534148	0.028624359946534148	0.028624359946534148
0.03	0.03	0.026848662102223222	0.026691786439043127	0.026691786439043127	0.026691786439043127
0.03	0.03	0.030935700333225184	0.028357305818094383	0.028357305818094383	0.028357305818094383
0.03	0.03	0.02889240527833419	0.03034345112560734	0.03034345112560734	0.03034345112560734
0.03	0.03	0.030787805461757793	0.031500131348967564	0.031500131348967564	0.031500131348967564
0.03	0.03	0.02896961896642762	0.030459786641285253	0.030459786641285253	0.030459786641285253
0.03	0.03	0.02889240527833419	0.027642386904630684	0.027642386904630684	0.027642386904630684
0.03	0.03	0.02773151304933598	0.026432153745530693	0.026432153745530693	0.026432153745530693
0.03	0.03	0.029197004327011708	0.0293478940063963	0.0293478940063963	0.0293478940063963
0.03	0.03	0.029046114647627116	0.02754408023451783	0.02754408023451783	0.02754408023451783
0.03	0.03	0.02989885752929217	0.03057086226124536	0.03057086226124536	0.03057086226124536
0.03	0.03	0.03114084362560911	0.03199051621977321	0.03199051621977321	0.03199051621977321
0.03	0.03	0.030048549794030908	0.031020584897291682	0.031020584897291682	0.031020584897291682
0.03	0.03	0.03184932140961688	0.034368164961184916	0.034368164961184916	0.034368164961184916
0.03	0.03	0.028317379921800886	0.02865726131219256	0.02865726131219256	0.02865726131219256
0.03	0.03	0.030382406850279604	0.028828240101631375	0.028828240101631375	0.028828240101631375
0.03	0.03	0.028608284641032176	0.029556696638001513	0.029556696638001513	0.029556696638001513
0.03	0.03	0.03154805779618842	0.031116247464939926	0.031116247464939926	0.031116247464939926
0.03	0.03	0.031235672643339256	0.029021291898386113	0.029021291898386113	0.029021291898386113
0.03	0.03	0.030662528370269553	0.02968661736676726	0.02968661736676726	0.02968661736676726
0.03	0.03	0.030208834767476555	0.032336946589315525	0.032336946589315525	0.032336946589315525
0.03	0.03	0.03015574881431932	0.02982757634002051	0.02982757634002051	0.02982757634002051
0.03	0.03	0.03080023038273259	0.03402966190647193	0.03402966190647193	0.03402966190647193
0.03	0.03	0.029939951329161663	0.03077309989949348	0.03077309989949348	0.03077309989949348
0.03	0.03	0.029953604029697815	0.03205179009437316	0.03205179009437316	0.03205179009437316
0.03	0.03	0.028751569067204392	0.030267521606568065	0.030267521606568065	0.030267521606568065
0.03	0.03	0.028624328492939388	0.02726781478723722	0.02726781478723722	0.02726781478723722
0.03	0.03	0.032442376303360936	0.031057200586133593	0.031057200586133593	0.031057200586133593
0.03	0.03	0.031282689343750975	0.032791039060948796	0.032791039060948796	0.032791039060948796
0.03	0.03	0.031306099147642916	0.03226877069889006	0.03226877069889006	0.03226877069889006
0.03	0.03	0.02797749853140921	0.028259227203284998	0.028259227203284998	0.028259227203284998
0.03	0.03	0.026709038417443546	0.027422537434593806	0.027422537434593806	0.027422537434593806
0.03	0.03	0.02940370508187497	0.02862507597901334	0.02862507597901334	0.02862507597901334
0.03	0.03	0.028400165045137614	0.02967897973588233	0.02967897973588233	0.02967897973588233
0.03	0.03	0.030725401708217314	0.031565689093222826	0.031565689093222826	0.031565689093222826
0.03	0.03	0.03172787143187565	0.03361199533236488	0.03361199533236488	0.03361199533236488
0.03	0.03	0.030304265242474555	0.02940829303809606	0.02940829303809606	0.02940829303809606
0.03	0.03	0.02818267120530242	0.028491500058310627	0.028491500058310627	0.028491500058310627
0.03	0.03	0.03068773470289496	0.03201562225566634	0.03201562225566634	0.03201562225566634
0.03	0.03	0.028830108548578846	0.026872411635399898	0.026872411635399898	0.026872411635399898
0.03	0.03	0.027589640938933648	0.02135172985727902	0.02135172985727902	0.02135172985727902
0.03	0.03	0.030062025308687883	0.03189087463000674	0.03189087463000674	0.03189087463000674
0.03	0.03	0.028719942817193932	0.031248625926271846	0.031248625926271846	0.031248625926271846
0.03	0.03	0.029418272546163974	0.02841533896026053	0.02841533896026053	0.02841533896026053
0.03	0.03	0.03483416598598292	0.037840963867725536	0.037840963867725536	0.037840963867725536
0.03	0.03	0.027102156499607465	0.02528093542541465	0.02528093542541465	0.02528093542541465
0.03	0.03	0.027873842352294214	0.027043601101339736	0.027043601101339736	0.027043601101339736
0.03	0.03	0.029871348288258007	0.030620791110295476	0.030620791110295476	0.030620791110295476
0.03	0.03	0.03100867887422653	0.026934545287825587	0.026934545287825587	0.026934545287825587
0.03	0.03	0.029330477858048844	0.030360235358136884	0.030360235358136884	0.030360235358136884
0.03	0.03	0.033039840206583744	0.034230359003550606	0.034230359003550606	0.034230359003550606
0.03	0.03	0.03210845546181296	0.03200274976329504	0.03200274976329504	0.03200274976329504
0.03	0.03	0.029690274067907297	0.03239446496507469	0.03239446496507469	0.03239446496507469
0.03	0.03	0.030251763513939326	0.03161112174954446	0.03161112174954446	0.03161112174954446
0.03	0.03	0.02879878272402515	0.028121278682635153	0.028121278682635153	0.028121278682635153
0.03	0.03	0.032696336681828815	0.03333756150299393	0.03333756150299393	0.03333756150299393
0.03	0.03	0.03040829310764861	0.030128851512402265	0.030128851512402265	0.030128851512402265
0.03	0.03	0.028367148508373755	0.02914465607781386	0.02914465607781386	0.02914465607781386
0.03	0.03	0.02889240527833419	0.027642386904630684	0.027642386904630684	0.027642386904630684
0.03	0.03	0.032129700630342914	0.031858172860323566	0.031858172860323566	0.031858172860323566
0.03	0.03	0.030548149060736402	0.0305866263840758	0.0305866263840758	0.0305866263840758
0.03	0.03	0.02957683862474152	0.028365871787725247	0.028365871787725247	0.028365871787725247
0.03	0.03	0.03060029664938414	0.029329375693591765	0.029329375693591765	0.029329375693591765
0.03	0.03	0.03172787143187565	0.033807824717176624	0.033807824717176624	0.033807824717176624
0.03	0.03	0.03034342759639577	0.028837533783174656	0.028837533783174656	0.028837533783174656
0.03	0.03	0.027570798858993252	0.028214142675356938	0.028214142675356938	0.028214142675356938
0.03	0.03	0.029271423617851344	0.030292905004969655	0.030292905004969655	0.030292905004969655
0.03	0.03	0.028400165045137614	0.030459640826578933	0.030459640826578933	0.030459640826578933
0.03	0.03	0.028429716036205473	0.026009685565993784	0.026009685565993784	0.026009685565993784
0.03	0.03	0.032776055538398546	0.03355067745407639	0.03355067745407639	0.03355067745407639
0.03	0.03	0.027994792418861186	0.02728550123447368	0.02728550123447368	0.02728550123447368
0.03	0.03	0.029994428385765246	0.03073226357067147	0.03073226357067147	0.03073226357067147
0.03	0.03	0.027767103402877955	0.030639326835257125	0.030639326835257125	0.030639326835257125
0.03	0.03	0.030522517222925642	0.03171455658780244	0.03171455658780244	0.03171455658780244
0.03	0.03	0.028688194206708408	0.025353442768985796	0.025353442768985796	0.025353442768985796
0.03	0.03	0.028719942817193932	0.025645556261634797	0.025645556261634797	0.025645556261634797
0.03	0.03	0.029591103857427414	0.025163107391679575	0.025163107391679575	0.025163107391679575
0.03	0.03	0.029562548979768982	0.03231610150002917	0.03231610150002917	0.03231610150002917
0.03	0.03	0.028527594576102114	0.02718384086394622	0.02718384086394622	0.02718384086394622
0.03	0.03	0.02931575404773891	0.031117423845011677	0.031117423845011677	0.031117423845011677
0.03	0.03	0.030251763513939326	0.031580149454078374	0.031580149454078374	0.031580149454078374
0.03	0.03	0.028767336911432108	0.026393830197255105	0.026393830197255105	0.026393830197255105
0.03	0.03	0.030222053717522027	0.0324839390774693	0.0324839390774693	0.0324839390774693
0.03	0.03	0.03298190753343772	0.0323680574692938	0.0323680574692938	0.0323680574692938
0.03	0.03	0.0307003092587147	0.03201150679930688	0.03201150679930688	0.03201150679930688
0.03	0.03	0.027994792418861186	0.028906665336671796	0.028906665336671796	0.028906665336671796
0.03	0.03	0.028063608348527624	0.028063608348527624	0.028063608348527624	0.028063608348527624
0.03	0.03	0.02925659320085902	0.030605227600559726	0.030605227600559726	0.030605227600559726
0.03	0.03	0.02966206083471185	0.030323819257442524	0.030323819257442524	0.030323819257442524
0.03	0.03	0.02909167271371984	0.031575413191308306	0.031575413191308306	0.031575413191308306
0.03	0.03	0.03138752556915394	0.02963949907157798	0.02963949907157798	0.02963949907157798
0.03	0.03	0.028300720357960805	0.028300720357960805	0.028300720357960805	0.028300720357960805
0.03	0.03	0.028624328492939388	0.02841854843729993	0.02841854843729993	0.02841854843729993
0.03	0.03	0.030035052405436368	0.031146727237072454	0.031146727237072454	0.031146727237072454
0.03	0.03	0.02950514104324158	0.02693515774375934	0.02693515774375934	0.02693515774375934
0.03	0.03	0.030522517222925642	0.030649675846421462	0.030649675846421462	0.030649675846421462
0.03	0.03	0.03144520945776934	0.03409163619151352	0.03409163619151352	0.03409163619151352
0.03	0.03	0.03192571561056626	0.03183923518396022	0.03183923518396022	0.03183923518396022
0.03	0.03	0.029939951329161663	0.03176505655725615	0.03176505655725615	0.03176505655725615
0.03	0.03	0.02957683862474152	0.0317866630439017	0.0317866630439017	0.0317866630439017
0.03	0.03	0.028608284641032176	0.027540389621243368	0.027540389621243368	0.027540389621243368
0.03	0.03	0.02931575404773891	0.02915522133006267	0.02915522133006267	0.02915522133006267
0.03	0.03	0.029562548979768982	0.030342023322421783	0.030342023322421783	0.030342023322421783
0.03	0.03	0.030972268976752062	0.029825453401307524	0.029825453401307524	0.029825453401307524
0.03	0.03	0.028907905968468827	0.02768673416487181	0.02768673416487181	0.02768673416487181
0.03	0.03	0.029490726545967696	0.02926306214947517	0.02926306214947517	0.02926306214947517
0.03	0.03	0.027994792418861186	0.02914092273549915	0.02914092273549915	0.02914092273549915
0.03	0.03	0.030923475227067603	0.03211453692040998	0.03211453692040998	0.03211453692040998
0.03	0.03	0.03219312281333494	0.03209885499759862	0.03209885499759862	0.03209885499759862
0.03	0.03	0.028249942230733033	0.02915151694366937	0.02915151694366937	0.02915151694366937
0.03	0.03	0.033783440423599154	0.03427431142827505	0.03427431142827505	0.03427431142827505
0.03	0.03	0.03326781700857308	0.034566569049922974	0.034566569049922974	0.034566569049922974
0.03	0.03	0.028046457979555465	0.024728574648451594	0.024728574648451594	0.024728574648451594
0.03	0.03	0.0320875354774771	0.031732694651593264	0.031732694651593264	0.031732694651593264
0.03	0.03	0.02916704678005237	0.02942618759163591	0.02942618759163591	0.02942618759163591
0.03	0.03	0.03270634162456064	0.034071590230709964	0.034071590230709964	0.034071590230709964
0.03	0.03	0.03063724581913806	0.03279569164054984	0.03279569164054984	0.03279569164054984
0.03	0.03	0.02898497491055045	0.02917116709707575	0.02917116709707575	0.02917116709707575
0.03	0.03	0.030470996925983897	0.029624214176000287	0.029624214176000287	0.029624214176000287
0.03	0.03	0.030825025264227396	0.03154772862684209	0.03154772862684209	0.03154772862684209
0.03	0.03	0.03268632018215564	0.03173183555406564	0.03173183555406564	0.03173183555406564
0.03	0.03	0.02674915843919205	0.028783806625006358	0.028783806625006358	0.028783806625006358
0.03	0.03	0.03194741762863638	0.03261214591352178	0.03261214591352178	0.03261214591352178
0.03	0.03	0.030935700333225184	0.03329529727853628	0.03329529727853628	0.03329529727853628
0.03	0.03	0.0300079918664585	0.028101139927298728	0.028101139927298728	0.028101139927298728
0.03	0.03	0.028233175987369023	0.02840274362621042	0.02840274362621042	0.02840274362621042
0.03	0.03	0.029076514690770133	0.029936653514759225	0.029936653514759225	0.029936653514759225
0.03	0.03	0.029046114647627116	0.02829005677488906	0.02829005677488906	0.02829005677488906
0.03	0.03	0.030182334184736603	0.031692394224299925	0.031692394224299925	0.031692394224299925
0.03	0.03	0.0289542341433212	0.03121955868007193	0.03121955868007193	0.03121955868007193
0.03	0.03	0.02864034162684705	0.02947814117438599	0.02947814117438599	0.02947814117438599
0.03	0.03	0.0321190845521966	0.030588382368794555	0.030588382368794555	0.030588382368794555
0.03	0.03	0.02940370508187497	0.02924486118398096	0.02924486118398096	0.02924486118398096
0.03	0.03	0.02668890960657047	0.027122220235655876	0.027122220235655876	0.027122220235655876
0.03	0.03	0.026947041948352374	0.024345849367451378	0.024345849367451378	0.024345849367451378
0.03	0.03	0.028767336911432108	0.030865939163086963	0.030865939163086963	0.030865939163086963
0.03	0.03	0.027570798858993252	0.02841247639008732	0.02841247639008732	0.02841247639008732
0.03	0.03	0.031176530568787757	0.02752677473253235	0.02752677473253235	0.02752677473253235
0.03	0.03	0.02931575404773891	0.03224857026695048	0.03224857026695048	0.03224857026695048
0.03	0.03	0.02893882014711587	0.028621047093372716	0.028621047093372716	0.028621047093372716
0.03	0.03	0.031212065695817713	0.030033191157539697	0.030033191157539697	0.030033191157539697
0.03	0.03	0.028814460503038146	0.028940726799367884	0.028940726799367884	0.028940726799367884
0.03	0.03	0.02889240527833419	0.02998226847736027	0.02998226847736027	0.02998226847736027
0.03	0.03	0.03129440238647854	0.03288446030672522	0.03288446030672522	0.03288446030672522
0.03	0.03	0.02732967953515999	0.027673275899580074	0.027673275899580074	0.027673275899580074
0.03	0.03	0.030182334184736603	0.03322416712001974	0.03322416712001974	0.03322416712001974
0.03	0.03	0.030611419824621205	0.029093139018899497	0.029093139018899497	0.029093139018899497
0.03	0.03	0.031081027144474447	0.03183166018775428	0.03183166018775428	0.03183166018775428
0.03	0.03	0.032514240670366616	0.03794556183968266	0.03794556183968266	0.03794556183968266
0.03	0.03	0.029718390942460222	0.027787112557296607	0.027787112557296607	0.027787112557296607
0.03	0.03	0.03137594141181211	0.0323306766915568	0.0323306766915568	0.0323306766915568
0.03	0.03	0.03033039410119461	0.033146703951923075	0.033146703951923075	0.033146703951923075
0.03	0.03	0.029591103857427414	0.02778311388480248	0.02778311388480248	0.02778311388480248
0.03	0.03	0.030182334184736603	0.03286621805144914	0.03286621805144914	0.03286621805144914
0.03	0.03	0.030624575848226705	0.03241904314787457	0.03241904314787457	0.03241904314787457
0.03	0.03	0.02796016835757475	0.02699695914134922	0.02699695914134922	0.02699695914134922
0.03	0.03	0.03100867887422653	0.0276767039628128	0.0276767039628128	0.0276767039628128
0.03	0.03	0.029000302411981174	0.03065223730616565	0.03065223730616565	0.03065223730616565
0.03	0.03	0.02901560140811659	0.03083350509154116	0.03083350509154116	0.03083350509154116
0.03	0.03	0.028400165045137614	0.029853288141922854	0.029853288141922854	0.029853288141922854
0.03	0.03	0.028012050203298576	0.029057515796334407	0.029057515796334407	0.029057515796334407
0.03	0.03	0.0271213503543929	0.028225213481768575	0.028225213481768575	0.028225213481768575
0.03	0.03	0.030238586270459975	0.03155379496711967	0.03155379496711967	0.03155379496711967
0.03	0.03	0.031081027144474447	0.031153375414722365	0.031153375414722365	0.031153375414722365
0.03	0.03	0.031502502337205404	0.032167609650613785	0.032167609650613785	0.032167609650613785
0.03	0.03	0.03153669187906765	0.028816247593405925	0.028816247593405925	0.028816247593405925
0.03	0.03	0.03152531072322178	0.03198160895945357	0.03198160895945357	0.03198160895945357
0.03	0.03	0.028688194206708408	0.027629975988138655	0.027629975988138655	0.027629975988138655
0.03	0.03	0.027178674803340457	0.028252574697764057	0.028252574697764057	0.028252574697764057
0.03	0.03	0.031772232920971616	0.033348870683384525	0.033348870683384525	0.033348870683384525
0.03	0.03	0.029345175454291002	0.029000076840674707	0.029000076840674707	0.029000076840674707
0.03	0.03	0.03029117103144501	0.028150281047533095	0.028150281047533095	0.028150281047533095
0.03	0.03	0.029994428385765246	0.029645429175134724	0.029645429175134724	0.029645429175134724
0.03	0.03	0.02938911171812252	0.027613571450365196	0.027613571450365196	0.027613571450365196
0.03	0.03	0.03011571069425418	0.03282723689657803	0.03282723689657803	0.03282723689657803
0.03	0.03	0.030649896717439506	0.030158949809269902	0.030158949809269902	0.030158949809269902
0.03	0.03	0.02922685279733898	0.031968640455003354	0.031968640455003354	0.031968640455003354
0.03	0.03	0.028845726918316095	0.028830138244496182	0.028830138244496182	0.028830138244496182
0.03	0.03	0.03202294564443102	0.03335815658596708	0.03335815658596708	0.03335815658596708
0.03	0.03	0.028751569067204392	0.027883578265308295	0.027883578265308295	0.027883578265308295
0.03	0.03	0.030825025264227396	0.03323342681639091	0.03323342681639091	0.03323342681639091
0.03	0.03	0.02963375118742176	0.030627160747996467	0.030627160747996467	0.030627160747996467
0.03	0.03	0.030075479574548022	0.030617063966297816	0.030617063966297816	0.030617063966297816
0.03	0.03	0.030837395023797023	0.033114824515614885	0.033114824515614885	0.033114824515614885
0.03	0.03	0.03190395814375268	0.03467093614885368	0.03467093614885368	0.03467093614885368
0.03	0.03	0.03068773470289496	0.03336341920249134	0.03336341920249134	0.03336341920249134
0.03	0.03	0.030264920007193153	0.027547932480948584	0.027547932480948584	0.027547932480948584
0.03	0.03	0.02814882854326265	0.027625382941352025	0.027625382941352025	0.027625382941352025
0.03	0.03	0.030195595158558707	0.030437586287419598	0.030437586287419598	0.030437586287419598
0.03	0.03	0.030825025264227396	0.03141146425799482	0.03141146425799482	0.03141146425799482
0.03	0.03	0.030947907605937842	0.03236192002907745	0.03236192002907745	0.03236192002907745
0.03	0.03	0.029967234266973966	0.03087313979353939	0.03087313979353939	0.03087313979353939
0.03	0.03	0.029953604029697815	0.029685154341873604	0.029685154341873604	0.029685154341873604
0.03	0.03	0.028165767170486727	0.02825081139533587	0.02825081139533587	0.02825081139533587
0.03	0.03	0.026607932236131372	0.02751025783204592	0.02751025783204592	0.02751025783204592
0.03	0.03	0.029046114647627116	0.031793986072783414	0.031793986072783414	0.031793986072783414
0.03	0.03	0.029980842198641555	0.029503646596670523	0.029503646596670523	0.029503646596670523
0.03	0.03	0.029953604029697815	0.028612805672917088	0.028612805672917088	0.028612805672917088
0.03	0.03	0.030251763513939326	0.030590948550815646	0.030590948550815646	0.030590948550815646
0.03	0.03	0.02921194210173018	0.02834840462891234	0.02834840462891234	0.02834840462891234
0.03	0.03	0.03190395814375268	0.02653207221224204	0.02653207221224204	0.02653207221224204
0.03	0.03	0.029301003760540012	0.030641839163505272	0.030641839163505272	0.030641839163505272
0.03	0.03	0.03175008244775549	0.03326157862505101	0.03326157862505101	0.03326157862505101
0.03	0.03	0.030382406850279604	0.02969580121356921	0.02969580121356921	0.02969580121356921
0.03	0.03	0.027820204835878236	0.02671703209795619	0.02671703209795619	0.02671703209795619
0.03	0.03	0.02974641242527816	0.029621476562298313	0.029621476562298313	0.029621476562298313
0.03	0.03	0.028876875289402085	0.030022237529468192	0.030022237529468192	0.030022237529468192
0.03	0.03	0.033514094848355984	0.033769754443389595	0.033769754443389595	0.033769754443389595
0.03	0.03	0.02953389518279823	0.030767070007635653	0.030767070007635653	0.030767070007635653
0.03	0.03	0.0289542341433212	0.029316258724120952	0.029316258724120952	0.029316258724120952
0.03	0.03	0.02893882014711587	0.028329405764978367	0.028329405764978367	0.028329405764978367
0.03	0.03	0.02931575404773891	0.030989642147319352	0.030989642147319352	0.030989642147319352
0.03	0.03	0.03420665408028278	0.03346174865032534	0.03346174865032534	0.03346174865032534
0.03	0.03	0.029802172520365173	0.03277549323779837	0.03277549323779837	0.03277549323779837
0.03	0.03	0.02906132874040854	0.030041934535179497	0.030041934535179497	0.030041934535179497
0.03	0.03	0.02864034162684705	0.028880518208556485	0.028880518208556485	0.028880518208556485
0.03	0.03	0.027784841696678636	0.028701256002549892	0.028701256002549892	0.028701256002549892
0.03	0.03	0.0320660387805425	0.030190845241817234	0.030190845241817234	0.030190845241817234
0.03	0.03	0.03402771066303549	0.033103861815830755	0.033103861815830755	0.033103861815830755
0.03	0.03	0.03063724581913806	0.027687770717408626	0.027687770717408626	0.027687770717408626
0.03	0.03	0.031282689343750975	0.030319757358405607	0.030319757358405607	0.030319757358405607
0.03	0.03	0.029760387980423984	0.025906972524256604	0.025906972524256604	0.025906972524256604
0.03	0.03	0.028400165045137614	0.028370614054069754	0.028370614054069754	0.028370614054069754
0.03	0.03	0.03144520945776934	0.031030142812205994	0.031030142812205994	0.031030142812205994
0.03	0.03	0.027589640938933648	0.02739444018118866	0.02739444018118866	0.02739444018118866
0.03	0.03	0.029690274067907297	0.027730878808190758	0.027730878808190758	0.027730878808190758
0.03	0.03	0.0321190845521966	0.03171371086512275	0.03171371086512275	0.03171371086512275
0.03	0.03	0.03063724581913806	0.03148622385989399	0.03148622385989399	0.03148622385989399
0.03	0.03	0.030675141181771164	0.031873995598127175	0.031873995598127175	0.031873995598127175
0.03	0.03	0.030021533239500315	0.02815000789474932	0.02815000789474932	0.02815000789474932
0.03	0.03	0.029030872353141265	0.028245690769692137	0.028245690769692137	0.028245690769692137
0.03	0.03	0.02865632330715995	0.031078444268444253	0.031078444268444253	0.031078444268444253
0.03	0.03	0.031152756572640994	0.03291640142715947	0.03291640142715947	0.03291640142715947
0.03	0.03	0.030278055822409587	0.029596014434026596	0.029596014434026596	0.029596014434026596
0.03	0.03	0.030278055822409587	0.029559551694100048	0.029559551694100048	0.029559551694100048
0.03	0.03	0.02961955986910049	0.028856712887921375	0.028856712887921375	0.028856712887921375
0.03	0.03	0.029271423617851344	0.029110032490571206	0.029110032490571206	0.029110032490571206
0.03	0.03	0.03225608257685444	0.03353989617695681	0.03353989617695681	0.03353989617695681
0.03	0.03	0.030062025308687883	0.029715757509727155	0.029715757509727155	0.029715757509727155
0.03	0.03	0.03355955560853601	0.037997205750851484	0.037997205750851484	0.037997205750851484
0.03	0.03	0.028114846101067174	0.02463632123631096	0.02463632123631096	0.02463632123631096
0.03	0.03	0.030712864907724458	0.03215430619759757	0.03215430619759757	0.03215430619759757
0.03	0.03	0.031212065695817713	0.032677718966357266	0.032677718966357266	0.032677718966357266
0.03	0.03	0.02915202716697846	0.02961586012724851	0.02961586012724851	0.02961586012724851
0.03	0.03	0.02771366063588325	0.02809764173660651	0.02809764173660651	0.02809764173660651
0.03	0.03	0.031422183397529405	0.032890762765360994	0.032890762765360994	0.032890762765360994
0.03	0.03	0.029345175454291002	0.029875890405543858	0.029875890405543858	0.029875890405543858
0.03	0.03	0.029967234266973966	0.028273584333118898	0.028273584333118898	0.028273584333118898
0.03	0.03	0.030812636857619206	0.031191196217880475	0.031191196217880475	0.031191196217880475
0.03	0.03	0.029330477858048844	0.02861240592206678	0.02861240592206678	0.02861240592206678
0.03	0.03	0.029605344103085685	0.0315868679323349	0.0315868679323349	0.0315868679323349
0.03	0.03	0.03448907560904004	0.028933039982712856	0.028933039982712856	0.028933039982712856
0.03	0.03	0.030675141181771164	0.03126137082111248	0.03126137082111248	0.03126137082111248
0.03	0.03	0.02925659320085902	0.03094238754272479	0.03094238754272479	0.03094238754272479
0.03	0.03	0.033192481463818466	0.030580668334500148	0.030580668334500148	0.030580668334500148
0.03	0.03	0.02950514104324158	0.031225440389804522	0.031225440389804522	0.031225440389804522
0.03	0.03	0.028317379921800886	0.02917433884043458	0.02917433884043458	0.02917433884043458
0.03	0.03	0.03326781700857308	0.03433198608259594	0.03433198608259594	0.03433198608259594
0.03	0.03	0.029241736365024917	0.030505974198640623	0.030505974198640623	0.030505974198640623
0.03	0.03	0.032276967213374495	0.032456121218610426	0.032456121218610426	0.032456121218610426
0.03	0.03	0.0289542341433212	0.0309223851159025	0.0309223851159025	0.0309223851159025
0.03	0.03	0.02896961896642762	0.031987745687031485	0.031987745687031485	0.031987745687031485
0.03	0.03	0.02879878272402515	0.029167849411844828	0.029167849411844828	0.029167849411844828
0.03	0.03	0.029676179660820985	0.02987607255622682	0.02987607255622682	0.02987607255622682
0.03	0.03	0.031694445790691236	0.027260731236635125	0.027260731236635125	0.027260731236635125
0.03	0.03	0.030898971295274552	0.031885364113486095	0.031885364113486095	0.031885364113486095
0.03	0.03	0.03011571069425418	0.02997965787456903	0.02997965787456903	0.02997965787456903
0.03	0.03	0.028400165045137614	0.02832153009254895	0.02832153009254895	0.02832153009254895
0.03	0.03	0.02898497491055045	0.028126202289714474	0.028126202289714474	0.028126202289714474
0.03	0.03	0.030195595158558707	0.026303437603141376	0.026303437603141376	0.026303437603141376
0.03	0.03	0.031660884200829034	0.031160298343006605	0.031160298343006605	0.031160298343006605
0.03	0.03	0.029490726545967696	0.030027218948614192	0.030027218948614192	0.030027218948614192
0.03	0.03	0.02978826777838213	0.029501055982216237	0.029501055982216237	0.029501055982216237
0.03	0.03	0.02809780216098546	0.028357761482127045	0.028357761482127045	0.028357761482127045
0.03	0.03	0.02878307463711618	0.03143967806234761	0.03143967806234761	0.03143967806234761
0.03	0.03	0.0338099339841641	0.03630208829236069	0.03630208829236069	0.03630208829236069
0.03	0.03	0.03048392128861813	0.030496845651252363	0.030496845651252363	0.030496845651252363
0.03	0.03	0.030251763513939326	0.03056357569871699	0.03056357569871699	0.03056357569871699
0.03	0.03	0.02953389518279823	0.0279627854193274	0.0279627854193274	0.0279627854193274
0.03	0.03	0.029871348288258007	0.031086373269356062	0.031086373269356062	0.031086373269356062
0.03	0.03	0.02818267120530242	0.02981863215922206	0.02981863215922206	0.02981863215922206
0.03	0.03	0.02906132874040854	0.02967654784304256	0.02967654784304256	0.02967654784304256
0.03	0.03	0.02989885752929217	0.030192370955498656	0.030192370955498656	0.030192370955498656
0.03	0.03	0.030862079905168326	0.027509072468292366	0.027509072468292366	0.027509072468292366
0.03	0.03	0.02851136166199132	0.028302780506788704	0.028302780506788704	0.028302780506788704
0.03	0.03	0.02797749853140921	0.02668357344496708	0.02668357344496708	0.02668357344496708
0.03	0.03	0.02714050124945346	0.02618320033792146	0.02618320033792146	0.02618320033792146
0.03	0.03	0.027767103402877955	0.028946635153895648	0.028946635153895648	0.028946635153895648
0.03	0.03	0.030750419250019652	0.02612433785091018	0.02612433785091018	0.02612433785091018
0.03	0.03	0.02796016835757475	0.028837417214098927	0.028837417214098927	0.028837417214098927
0.03	0.03	0.030649896717439506	0.029740385034798845	0.029740385034798845	0.029740385034798845
0.03	0.03	0.03016905209472428	0.030249192647018707	0.030249192647018707	0.030249192647018707
0.03	0.03	0.02838367282661838	0.02775174424512017	0.02775174424512017	0.02775174424512017
0.03	0.03	0.030522517222925642	0.030649675846421462	0.030649675846421462	0.030649675846421462
0.03	0.03	0.03011571069425418	0.030022586621031803	0.030022586621031803	0.030022586621031803
0.03	0.03	0.033010921915364304	0.03285778137760773	0.03285778137760773	0.03285778137760773
0.03	0.03	0.028429716036205473	0.026489998171201318	0.026489998171201318	0.026489998171201318
0.03	0.03	0.033367029949498334	0.03436373072792868	0.03436373072792868	0.03436373072792868
0.03	0.03	0.028046457979555465	0.03127346272533078	0.03127346272533078	0.03127346272533078
0.03	0.03	0.035523716591540355	0.03731721370967255	0.03731721370967255	0.03731721370967255
0.03	0.03	0.030129077772065842	0.030089103449407406	0.030089103449407406	0.030089103449407406
0.03	0.03	0.02608302842331214	0.02601793944104526	0.02601793944104526	0.02601793944104526
0.03	0.03	0.03275619397629498	0.03298792971331951	0.03298792971331951	0.03298792971331951
0.03	0.03	0.03175008244775549	0.032009091048799794	0.032009091048799794	0.032009091048799794
0.03	0.03	0.02773151304933598	0.028189659082671483	0.028189659082671483	0.028189659082671483
0.03	0.03	0.032308200132795666	0.031093194543062586	0.031093194543062586	0.031093194543062586
0.03	0.03	0.027005537765403317	0.030131382792782768	0.030131382792782768	0.030131382792782768
0.03	0.03	0.028704083603248692	0.029482768568897526	0.029482768568897526	0.029482768568897526
0.03	0.03	0.02947628676541515	0.0288502516292176	0.0288502516292176	0.0288502516292176
0.03	0.03	0.028046457979555465	0.027262807410532084	0.027262807410532084	0.027262807410532084
0.03	0.03	0.029345175454291002	0.03224661215802756	0.03224661215802756	0.03224661215802756
0.03	0.03	0.028719942817193932	0.028138881873847853	0.028138881873847853	0.028138881873847853
0.03	0.03	0.029000302411981174	0.030879254469569448	0.030879254469569448	0.030879254469569448
0.03	0.03	0.03192571561056626	0.034669392206632524	0.034669392206632524	0.034669392206632524
0.03	0.03	0.03149107384671119	0.02547804907682253	0.02547804907682253	0.02547804907682253
0.03	0.03	0.028624328492939388	0.028998714755145743	0.028998714755145743	0.028998714755145743
0.03	0.03	0.0307003092587147	0.030379838234276976	0.030379838234276976	0.030379838234276976
0.03	0.03	0.03068773470289496	0.02993025994802058	0.02993025994802058	0.02993025994802058
0.03	0.03	0.029490726545967696	0.031249940042599414	0.031249940042599414	0.031249940042599414
0.03	0.03	0.031683274616707446	0.032273524618212875	0.032273524618212875	0.032273524618212875
0.03	0.03	0.028624328492939388	0.029788235982711585	0.029788235982711585	0.029788235982711585
0.03	0.03	0.027623820273836468	0.029362598510514877	0.029362598510514877	0.029362598510514877
0.03	0.03	0.03058582379911078	0.031231696269059896	0.031231696269059896	0.031231696269059896
0.03	0.03	0.027784841696678636	0.028353005151650477	0.028353005151650477	0.028353005151650477
0.03	0.03	0.03011571069425418	0.03003582622994965	0.03003582622994965	0.03003582622994965
0.03	0.03	0.02963375118742176	0.030723706679188053	0.030723706679188053	0.030723706679188053
0.03	0.03	0.029816053936590394	0.03134873531976694	0.03134873531976694	0.03134873531976694
0.03	0.03	0.027024948596321218	0.026986257882936356	0.026986257882936356	0.026986257882936356
0.03	0.03	0.029843747531386428	0.03064138041514574	0.03064138041514574	0.03064138041514574
0.03	0.03	0.02796016835757475	0.030351448224741864	0.030351448224741864	0.030351448224741864
0.03	0.03	0.02931575404773891	0.02950960262925728	0.02950960262925728	0.02950960262925728
0.03	0.03	0.02901560140811659	0.028270814835809198	0.028270814835809198	0.028270814835809198
0.03	0.03	0.02747945129156999	0.02571716621811506	0.02571716621811506	0.02571716621811506
0.03	0.03	0.02906132874040854	0.028517313377731397	0.028517313377731397	0.028517313377731397
0.03	0.03	0.029926276269803865	0.02995369501031556	0.02995369501031556	0.02995369501031556
0.03	0.03	0.029271423617851344	0.02945117452198285	0.02945117452198285	0.02945117452198285
0.03	0.03	0.029286226982970873	0.030698611613647533	0.030698611613647533	0.030698611613647533
0.03	0.03	0.029885114323211802	0.02883452831319842	0.02883452831319842	0.02883452831319842
0.03	0.03	0.029871348288258007	0.032011183527180034	0.032011183527180034	0.032011183527180034
0.03	0.03	0.029076514690770133	0.029625434805438153	0.029625434805438153	0.029625434805438153
0.03	0.03	0.029000302411981174	0.029650013593064482	0.029650013593064482	0.029650013593064482
0.03	0.03	0.02896961896642762	0.029046832654521054	0.029046832654521054	0.029046832654521054
0.03	0.03	0.030317339373979423	0.028774402644626162	0.028774402644626162	0.028774402644626162
0.03	0.03	0.028751569067204392	0.02730754297585008	0.02730754297585008	0.02730754297585008
0.03	0.03	0.02918203901449999	0.028844547179367915	0.028844547179367915	0.028844547179367915
0.03	0.03	0.029605344103085685	0.027606027103902836	0.027606027103902836	0.027606027103902836
0.03	0.03	0.033631813810815245	0.031864896380438455	0.031864896380438455	0.031864896380438455
0.03	0.03	0.029939951329161663	0.03190240412691411	0.03190240412691411	0.03190240412691411
0.03	0.03	0.029760387980423984	0.028052603165147842	0.028052603165147842	0.028052603165147842
0.03	0.03	0.02974641242527816	0.028717462812753818	0.028717462812753818	0.028717462812753818
0.03	0.03	0.028114846101067174	0.025782781490355993	0.025782781490355993	0.025782781490355993
0.03	0.03	0.02893882014711587	0.029126071227027345	0.029126071227027345	0.029126071227027345
0.03	0.03	0.028688194206708408	0.03019771361007636	0.03019771361007636	0.03019771361007636
0.03	0.03	0.030535342964374764	0.031089843730107973	0.031089843730107973	0.031089843730107973
0.03	0.03	0.02797749853140921	0.028134792226940188	0.028134792226940188	0.028134792226940188
0.03	0.03	0.03048392128861813	0.02545143182037511	0.02545143182037511	0.02545143182037511
0.03	0.03	0.028559965531979165	0.02796790389697987	0.02796790389697987	0.02796790389697987
0.03	0.03	0.031772232920971616	0.0319398047396747	0.0319398047396747	0.0319398047396747
0.03	0.03	0.03011571069425418	0.031246446477957907	0.031246446477957907	0.031246446477957907
0.03	0.03	0.029197004327011708	0.03142742404376067	0.03142742404376067	0.03142742404376067
0.03	0.03	0.031020780283152426	0.032170212278046846	0.032170212278046846	0.032170212278046846
0.03	0.03	0.029802172520365173	0.031270344164283086	0.031270344164283086	0.031270344164283086
0.03	0.03	0.03153669187906765	0.03221130385296697	0.03221130385296697	0.03221130385296697
0.03	0.03	0.03204440296208798	0.028528646063439772	0.028528646063439772	0.028528646063439772
0.03	0.03	0.03080023038273259	0.03304049523348601	0.03304049523348601	0.03304049523348601
0.03	0.03	0.03080023038273259	0.03241842175096519	0.03241842175096519	0.03241842175096519
0.03	0.03	0.0320551118606637	0.03379288434734797	0.03379288434734797	0.03379288434734797
0.03	0.03	0.031479631084377194	0.03362878431070554	0.03362878431070554	0.03362878431070554
0.03	0.03	0.028608284641032176	0.03089755724642877	0.03089755724642877	0.03089755724642877
0.03	0.03	0.030611419824621205	0.029340694563297715	0.029340694563297715	0.029340694563297715
0.03	0.03	0.030048549794030908	0.03352993520981305	0.03352993520981305	0.03352993520981305
0.03	0.03	0.02953389518279823	0.03175684011069603	0.03175684011069603	0.03175684011069603
0.03	0.03	0.030264920007193153	0.030121546906737694	0.030121546906737694	0.030121546906737694
0.03	0.03	0.03060029664938414	0.02775053991047588	0.02775053991047588	0.02775053991047588
0.03	0.03	0.032276967213374495	0.03044909984389236	0.03044909984389236	0.03044909984389236
0.03	0.03	0.030446910711778356	0.03025657560441865	0.03025657560441865	0.03025657560441865
0.03	0.03	0.028249942230733033	0.028283508594685026	0.028283508594685026	0.028283508594685026
0.03	0.03	0.0300079918664585	0.030339804072096015	0.030339804072096015	0.030339804072096015
0.03	0.03	0.030222053717522027	0.023959600823077923	0.023959600823077923	0.023959600823077923
0.03	0.03	0.026808996459508797	0.026496642564624695	0.026496642564624695	0.026496642564624695
0.03	0.03	0.028672274145173277	0.03007118127434608	0.03007118127434608	0.03007118127434608
0.03	0.03	0.029885114323211802	0.029492172824014017	0.029492172824014017	0.029492172824014017
0.03	0.03	0.02947628676541515	0.030029195957030016	0.030029195957030016	0.030029195957030016
0.03	0.03	0.028559965531979165	0.029568005675227126	0.029568005675227126	0.029568005675227126
0.03	0.03	0.02878307463711618	0.02608651818985517	0.02608651818985517	0.02608651818985517
0.03	0.03	0.02636183822134346	0.028987173583111585	0.028987173583111585	0.028987173583111585
0.03	0.03	0.03111696819482378	0.030040813576312622	0.030040813576312622	0.030040813576312622
0.03	0.03	0.03187121760517651	0.029245184492628147	0.029245184492628147	0.029245184492628147
0.03	0.03	0.03131777967596751	0.03217752155132243	0.03217752155132243	0.03217752155132243
0.03	0.03	0.028080722945637585	0.029352449431766372	0.029352449431766372	0.029352449431766372
0.03	0.03	0.02963375118742176	0.03057930816813511	0.03057930816813511	0.03057930816813511
0.03	0.03	0.028814460503038146	0.025013043119631817	0.025013043119631817	0.025013043119631817
0.03	0.03	0.0305746688660167	0.030993588917714077	0.030993588917714077	0.030993588917714077
