POS	AAF	SELCOEF	ISWEEPSELCOEF	ISWEEPRANK	ISWEEPAAF	ISWEEPLOC	ISWEEPRANKMEAN	ISWEEPAAFMEAN	ISWEEPLOCMEAN	ISWEEPRANKMODE	ISWEEPAAFMODE	ISWEEPLOCMODE	ISWEEPRANKMEDIAN	ISWEEPAAFMEDIAN	ISWEEPLOCMEDIAN
3999999	0.7942	0.035	0.032065306540010795	1	0.676986	4019945.2	21	0.7443280000000001	4119094.04	23	0.74202	4121353.22	23	0.74202	4121353.22
3999999	0.3339	0.035	0.034707402813401476	1	0.280468	3885974.72	1	0.277412	3867149.74	35	0.26267	3732347.9	1	0.27735	3855821.84
3999999	0.8675	0.035	0.03576753876182136	1	0.823082	3992263.46	23	0.801244	3911048.54	32	0.7474719999999998	3865678.92	33	0.750154	3869882.16
3999999	0.7157	0.035	0.03369236625778147	1	0.60804	4147582.7	23	0.6233440000000001	4132458.92	4	0.6177860000000002	4137714.98	46	0.60525	4155658.72
3999999	0.4206	0.035	0.036822412694791404	1	0.405566	4056869.14	1	0.398206	4033588.46	1	0.401096	4045121.1	9	0.40755600000000003	3965658.56
3999999	0.2747	0.035	0.038588869722747075	1	0.266808	3907751.42	1	0.26533999999999996	3929454.74	3	0.266808	3907751.42	1	0.262972	3940689.28
3999999	0.8419	0.035	0.033838980635323306	3	0.7692399999999999	4097112.08	44	0.7751339999999999	4136869.14	170	0.649562	4345866.76	81	0.755012	4173917.66
3999999	0.8379	0.035	0.03463269602159916	2	0.7458800000000001	3969150.5	20	0.7597	4100626.08	7	0.7803500000000001	4073451.32	28	0.7550979999999999	4111482.92
3999999	0.2621	0.035	0.03254762974744488	1	0.25909200000000004	4021062.14	1	0.264018	3975588.36	1	0.25909200000000004	4021062.14	1	0.26313400000000003	3978696.06
3999999	0.855	0.035	0.03472474069567744	1	0.792534	4018976.34	16	0.778608	4066721.24	105	0.713134	3845792.68	24	0.7797380000000002	4068244.26
3999999	0.4486	0.035	0.036824537040374646	1	0.46456400000000003	4013564.6	7	0.441666	3934437.98	7	0.47318	3989951.16	7	0.42203399999999996	3879226.08
3999999	0.5986	0.035	0.036510337180337436	1	0.49696399999999996	3922818.9	51	0.49524999999999997	4188896.08	21	0.523702	4134375.0	71	0.4623419999999999	4251985.22
3999999	0.6364	0.035	0.03346502626405293	1	0.5779639999999999	3978828.84	1	0.5993379999999999	4046298.6	1	0.577964	3978828.84	1	0.59465	4054200.78
3999999	0.5443	0.035	0.03305861150887469	1	0.546738	3991018.42	3	0.5461779999999998	4026465.66	40	0.4575640000000001	4273169.62	3	0.54088	4054434.34
3999999	0.7268	0.035	0.033615824460516495	1	0.6824720000000001	3990338.66	2	0.686072	3993765.22	37	0.6585520000000001	4087531.56	1	0.6850300000000001	3988824.04
3999999	0.5791	0.035	0.032769973407020266	1	0.523712	3979793.36	1	0.530192	3960148.66	1	0.5285559999999999	3982680.54	1	0.531708	3950112.88
3999999	0.7771	0.035	0.033377835239886945	1	0.753808	3913953.16	6	0.735426	3895503.48	1	0.753808	3913953.16	6	0.7415979999999999	3901088.44
3999999	0.7932	0.035	0.032265331095827764	1	0.705762	4040128.16	17	0.7198699999999999	3851950.16	13	0.742888	3883682.96	33	0.657358	3758787.9
3999999	0.597	0.035	0.033517614555403204	1	0.562844	4062011.92	5	0.542136	3933383.78	5	0.542136	3933383.78	5	0.542136	3933383.78
3999999	0.7859	0.035	0.03539374266376275	1	0.7312860000000001	4025585.12	1	0.730044	4037241.62	3	0.745578	3990748.24	1	0.730044	4037241.62
3999999	0.6888	0.035	0.03242050398449666	1	0.636302	3963505.72	27	0.542326	3790449.32	23	0.535464	3786539.46	62	0.5192519999999999	3768992.16
3999999	0.7861	0.035	0.03253380174657727	1	0.7348480000000001	3951554.38	6	0.7290439999999999	3904497.16	62	0.6961059999999999	3833748.78	1	0.753866	3952173.6
3999999	0.8131	0.035	0.03325371761169079	1	0.7745820000000001	3954551.88	3	0.7129300000000001	4058147.76	95	0.46655	4276518.58	35	0.581438	4172724.86
3999999	0.7757	0.035	0.03248506281878075	1	0.6637139999999999	4027672.44	1	0.633684	4086119.6	11	0.6864639999999999	3873861.46	1	0.6305900000000001	4096675.0
3999999	0.4449	0.035	0.03452289236860782	1	0.45909	4063570.62	2	0.45253200000000005	4096646.74	2	0.451056	4097481.08	8	0.443356	4145803.6
3999999	0.5418	0.035	0.03572639299844111	2	0.506518	4045616.26	3	0.511838	3994684.62	2	0.514998	4033917.0	3	0.5129020000000001	3986381.82
3999999	0.6469	0.035	0.0332885114235126	1	0.627576	4031578.14	2	0.624964	4002829.24	1	0.60067	4080249.26	2	0.620668	4007899.14
3999999	0.4048	0.035	0.03380048674763871	1	0.373438	3997005.7	1	0.38448599999999994	3961959.88	1	0.384486	3961959.88	1	0.384486	3961959.88
3999999	0.8107	0.035	0.034542407501714965	5	0.7337859999999998	3950680.52	20	0.736216	3929755.94	29	0.665054	4078105.28	31	0.72509	3903939.78
3999999	0.3666	0.035	0.03552225717411402	1	0.35714199999999996	4095823.26	4	0.3713079999999999	4002531.96	3	0.36831800000000003	4010412.46	4	0.3713080000000001	4002531.96
3999999	0.7837	0.035	0.03361991604478531	1	0.756768	3966898.94	3	0.7277440000000002	3941836.28	1	0.7647380000000001	3978434.76	3	0.7267140000000001	3939033.14
3999999	0.3327	0.035	0.0327456294596579	1	0.361232	3944054.08	2	0.38218	4011659.76	1	0.361636	3947204.08	5	0.38503400000000004	4046414.08
3999999	0.5986	0.035	0.0336698009512002	1	0.597104	4048133.22	1	0.6065699999999999	4031004.82	8	0.5755039999999999	4091037.56	1	0.5920479999999999	4056460.52
3999999	0.8537	0.035	0.03189811196443391	1	0.781714	3965446.28	22	0.7776360000000001	3951436.1	42	0.7742359999999999	3909902.1	22	0.7776360000000001	3951436.1
3999999	0.2997	0.035	0.035087836069642254	1	0.29489	4015906.86	9	0.274328	3898707.04	11	0.303574	4066769.84	15	0.26184	3855795.16
3999999	0.2527	0.035	0.038522387400530295	1	0.22458599999999998	3960683.2	12	0.223248	4061631.26	1	0.22458599999999998	3960683.2	12	0.22747	4072216.86
3999999	0.3313	0.035	0.034593643738691116	1	0.38220400000000004	3933096.58	1	0.38220400000000004	3933096.58	1	0.38711999999999996	3939030.86	1	0.38260400000000006	3935070.74
3999999	0.6292	0.035	0.03286315711790441	1	0.5738119999999999	4014327.58	4	0.56879	3956948.82	1	0.5738119999999999	4014327.58	7	0.5780500000000001	3936916.0
3999999	0.3311	0.035	0.03387525309790421	1	0.30670800000000004	3856348.34	2	0.321248	3954406.8	2	0.32329399999999997	3936125.96	2	0.325764	3979668.42
3999999	0.8714	0.035	0.02942716036539322	1	0.7396280000000001	3820786.74	10	0.7562820000000001	3837610.92	1	0.735544	3929604.22	10	0.7562820000000001	3837610.92
3999999	0.6699	0.035	0.035079841923567986	1	0.59577	3921617.92	1	0.5979019999999999	3903103.88	1	0.59577	3921617.92	1	0.6054499999999999	3897405.68
3999999	0.7749	0.035	0.03187172254451968	1	0.700472	4114405.96	1	0.7002940000000001	4114656.72	1	0.7106020000000001	4101744.74	3	0.6971299999999999	4117711.18
3999999	0.6987	0.035	0.03252921491284735	1	0.6852839999999999	3975027.74	2	0.6657959999999999	3932925.28	22	0.6369319999999999	3855768.12	2	0.6723300000000001	3953142.82
3999999	0.736	0.035	0.03277267201940454	1	0.6890320000000001	4036683.46	3	0.7002700000000001	4028616.14	1	0.68112	4042427.78	3	0.7023560000000001	4025615.96
3999999	0.6909	0.035	0.03549013243707785	1	0.613768	4030760.76	1	0.584804	4083443.8	2	0.584804	4083443.8	1	0.584804	4083443.8
3999999	0.1862	0.035	0.039085419091400814	1	0.21155800000000002	3799879.7	2	0.21212199999999995	3809220.4	1	0.21155800000000002	3799879.7	2	0.21053999999999998	3817403.38
3999999	0.7585	0.035	0.035581366240533215	1	0.702562	4023552.26	6	0.731494	3956686.94	1	0.7025620000000002	4023552.26	8	0.7281859999999999	3935538.68
3999999	0.3339	0.035	0.03346323432482153	1	0.36201600000000006	4063396.4	1	0.36201600000000006	4063396.4	1	0.36085999999999996	4084186.6	1	0.36201600000000006	4063396.4
3999999	0.4115	0.035	0.036479775200912945	1	0.415394	4032004.48	1	0.415394	4032004.48	1	0.41539399999999993	4032004.48	1	0.41714	4035331.7
3999999	0.8366	0.035	0.031668474778871275	1	0.732712	3901028.32	6	0.7187520000000001	4095293.96	1	0.729118	3933558.32	20	0.678866	4159398.86
3999999	0.6541	0.035	0.033602318691697365	1	0.638634	3929155.14	1	0.638634	3929155.14	1	0.638634	3929155.14	1	0.6359360000000001	3952717.44
3999999	0.5955	0.035	0.03381332735356865	1	0.6006620000000001	4019954.82	1	0.603166	4034780.18	1	0.6106959999999999	4059936.32	1	0.603166	4034780.18
3999999	0.8848	0.035	0.033360006377097726	5	0.6874539999999999	3825545.48	190	0.680402	3817455.32	8	0.7283820000000002	3869177.26	212	0.6025900000000001	3727698.44
3999999	0.6955	0.035	0.03334377626586002	1	0.658608	3951297.2	1	0.65589	3974532.1	1	0.65731	3933183.66	1	0.65589	3974532.1
3999999	0.5417	0.035	0.03362116838159946	1	0.48748	3839261.26	1	0.48385200000000006	3845345.98	1	0.48748	3839261.26	1	0.484988	3859255.76
3999999	0.4938	0.035	0.03527160738200225	1	0.501528	3931278.16	20	0.47153600000000007	3822265.74	2	0.48913000000000006	3991648.2	25	0.451332	3787481.18
3999999	0.5139	0.035	0.033059610085252565	1	0.4381600000000001	4002477.1	2	0.4381600000000001	4002477.1	1	0.4381600000000001	4002477.1	2	0.4381600000000001	4002477.1
3999999	0.764	0.035	0.03265448592186213	1	0.6389379999999999	3936612.5	72	0.628438	3853456.76	67	0.630696	3857122.06	82	0.615512	3838920.64
3999999	0.629	0.035	0.03466939105117753	1	0.5797140000000001	4066568.24	1	0.5224920000000001	4140659.74	1	0.5950859999999999	4050195.14	2	0.520104	4186432.8
3999999	0.7868	0.035	0.03450052183152001	2	0.760532	3998662.0	11	0.7281780000000002	4035562.9	11	0.7303000000000001	4029979.72	25	0.7176699999999999	4075042.56
3999999	0.8924	0.035	0.031183403379720233	1	0.7665820000000001	3954370.16	19	0.7783239999999999	4096700.6	22	0.7716280000000001	4101357.54	21	0.770286	4131478.76
3999999	0.8587	0.035	0.03304904162415207	1	0.755624	3966458.52	16	0.7479359999999999	3916546.76	12	0.743424	3917911.72	12	0.743424	3917911.72
3999999	0.7658	0.035	0.036733351999910235	1	0.68908	4006576.74	8	0.7152459999999999	3953799.5	8	0.7152459999999999	3953799.5	16	0.7205840000000001	3930352.34
3999999	0.4165	0.035	0.032991260495215245	1	0.39982600000000007	4009527.8	13	0.4232039999999999	4052309.76	10	0.39625000000000005	4002938.8	14	0.4235359999999999	4055446.14
3999999	0.8708	0.035	0.030982855235834043	1	0.7534320000000001	3909627.9	1	0.7603579999999998	3961843.42	45	0.7124799999999999	4198631.7	18	0.7664839999999999	4055400.84
3999999	0.7399	0.035	0.03474257665531324	1	0.6565059999999999	4031043.18	77	0.569022	4175578.28	1	0.6565059999999999	4031043.18	96	0.5453819999999999	4200724.7
3999999	0.8561	0.035	0.03251335242098998	1	0.6852839999999999	3955233.06	1	0.6807199999999999	3991384.56	33	0.704612	4143230.6	1	0.6807199999999999	3991384.56
3999999	0.6931	0.035	0.0332760830026293	1	0.65012	3983045.16	19	0.583536	3776198.0	89	0.564172	3732707.72	35	0.574868	3757344.54
3999999	0.2852	0.035	0.03227987870147389	1	0.296296	4009786.52	1	0.300032	3999702.4	1	0.303918	3989433.88	1	0.303918	3989433.88
3999999	0.7852	0.035	0.032834857400343934	1	0.7194280000000001	3998101.48	5	0.7185880000000001	4115665.86	5	0.72099	4122743.2	5	0.72099	4122743.2
3999999	0.2799	0.035	0.035461175882086284	1	0.26899	4051674.58	1	0.26898999999999995	4051674.58	1	0.27177999999999997	4040481.62	1	0.26899	4051674.58
3999999	0.1803	0.035	0.03397802116994518	1	0.2327	4035369.34	1	0.238084	4077603.44	2	0.24172600000000002	4130136.72	1	0.244128	4101400.16
3999999	0.8523	0.035	0.0349544871782584	1	0.832642	3975539.32	12	0.7962859999999999	4015412.7	12	0.796286	4015412.7	14	0.631924	4154853.76
3999999	0.8975	0.035	0.032637705179052706	1	0.7343760000000001	4002442.54	9	0.7054240000000002	3938741.0	73	0.737844	3871411.92	18	0.692758	3872115.78
3999999	0.8317	0.035	0.032740222783470635	1	0.7859340000000001	4036728.18	2	0.7830579999999999	4018442.9	28	0.707976	3824155.38	2	0.7830579999999999	4018442.9
3999999	0.4577	0.035	0.0361545998066203	1	0.4358420000000001	3948054.14	1	0.439492	3956401.64	1	0.432932	4007821.8	1	0.432932	4007821.8
3999999	0.7697	0.035	0.035758626995425105	1	0.688488	4050700.54	1	0.6832340000000002	4099888.06	2	0.6832340000000002	4099888.06	2	0.6832340000000002	4099888.06
3999999	0.5962	0.035	0.03467939376605067	1	0.570434	3982737.28	22	0.531424	3860852.4	2	0.561008	3947653.78	38	0.5176740000000001	3840232.5
3999999	0.739	0.035	0.03369615937890034	1	0.62266	4045856.62	3	0.619422	4099651.3	3	0.619422	4099651.3	3	0.619422	4099651.3
3999999	0.8565	0.035	0.030491761126133915	1	0.7804020000000002	4094039.7	2	0.7749419999999999	4101350.5	25	0.7673059999999999	4122947.32	2	0.7749419999999999	4101350.5
3999999	0.6262	0.035	0.033270116128932985	1	0.62335	4047562.24	1	0.62522	4051230.28	1	0.62335	4047562.24	2	0.620968	4059807.88
3999999	0	0.035	0.03406138795221103	0	0.624184	3963190.44	0	0.61898	3957968.52	0	0.618386	4032252.84	0	0.618386	4032252.84
3999999	0.6538	0.035	0.03478637009258486	1	0.627668	4010892.26	6	0.545272	4146674.9	1	0.627668	4010892.26	11	0.5325679999999999	4186184.12
3999999	0.2282	0.035	0.03540396486748205	1	0.2741139999999999	3970135.06	3	0.279686	3959352.72	3	0.27841599999999994	3967380.24	3	0.27971999999999997	3958626.36
3999999	0.32	0.035	0.032995352806287195	1	0.33991	4027739.64	1	0.335952	3970746.24	1	0.34139200000000003	4034055.96	3	0.334598	3963096.0
3999999	0.7879	0.035	0.03463642565093787	1	0.7708440000000002	3990645.44	13	0.7555720000000001	4083385.14	2	0.7790819999999999	4023733.14	22	0.7344059999999999	4112445.06
3999999	0.8672	0.035	0.03169682591024117	1	0.7674560000000001	3914176.18	1	0.768216	3910617.86	1	0.7674559999999999	3914176.18	1	0.7674559999999999	3914176.18
3999999	0.4052	0.035	0.03349527715337893	1	0.405228	3833131.48	2	0.396746	3806908.06	1	0.40519799999999995	3857227.16	4	0.396746	3806908.06
3999999	0.2686	0.035	0.035572285914208565	1	0.28529	4025478.22	1	0.28529	4025478.22	1	0.292242	4036608.74	1	0.292242	4036608.74
3999999	0.881	0.035	0.0321669434859678	1	0.787442	3914561.4	2	0.77338	3989311.76	27	0.75303	4128378.38	4	0.7867620000000001	4069398.02
3999999	0.8374	0.035	0.033280913967043434	2	0.755434	4052227.64	10	0.736774	4099688.82	9	0.7424980000000001	4090733.28	11	0.7339780000000001	4103927.12
3999999	0.5712	0.035	0.0324891471417964	1	0.52048	4074258.36	1	0.525072	4065206.12	1	0.52048	4074258.36	1	0.52048	4074258.36
3999999	0.8	0.035	0.033070208570084005	1	0.721106	4039936.38	11	0.70426	4134268.48	145	0.61116	4289165.78	21	0.701354	4138052.12
3999999	0.6509	0.035	0.03387611509734263	1	0.5932540000000001	4046295.86	2	0.591874	3989423.02	5	0.6018979999999999	3947070.24	1	0.5932540000000001	4046295.86
3999999	0.7096	0.035	0.03360400281953712	2	0.563876	4200352.56	2	0.554	4211986.94	2	0.5455019999999999	4221924.48	2	0.5455019999999999	4221924.48
3999999	0.4604	0.035	0.035468496151582506	1	0.44566	3911484.64	1	0.45889199999999997	3894236.18	1	0.44566	3911484.64	1	0.45584	3900196.4
3999999	0.6903	0.035	0.03320859044495833	11	0.5516779999999999	3892799.46	6	0.600436	3887064.4	13	0.5830919999999999	3850347.88	13	0.594522	3867468.44
3999999	0.87	0.035	0.03251388481270144	1	0.7894899999999998	3950439.28	3	0.7815300000000001	4014534.82	28	0.846748	3934586.5	5	0.7494679999999999	4086678.74
3999999	0.3344	0.035	0.03424423379627074	1	0.34467800000000004	4135297.78	1	0.342106	4138091.04	1	0.34467800000000004	4135297.78	1	0.34467800000000004	4135297.78
3999999	0.7944	0.035	0.028994617427957295	1	0.6891980000000001	3883992.96	17	0.6835819999999999	3863756.1	11	0.6817559999999999	3866072.04	37	0.6761860000000002	3856997.76
3999999	0.1006	0.035	0.03096401998635109	1	0.169316	3918403.32	1	0.16974400000000003	3911572.26	1	0.16974400000000003	3911572.26	1	0.16958800000000004	3907680.32
3999999	0.3122	0.035	0.03527740207245901	1	0.32683600000000007	4089738.46	1	0.32683599999999996	4089738.46	1	0.32706599999999997	4111637.96	1	0.32706599999999997	4111637.96
3999999	0.4744	0.035	0.03484463505519566	1	0.48971	4053479.48	2	0.480296	4113323.8	1	0.48971	4053479.48	7	0.47969199999999995	4129804.42
3999999	0.1624	0.035	0.040981894747516304	1	0.152692	3759884.22	11	0.145034	3704943.5	2	0.152692	3759884.22	12	0.144772	3653974.12
3999999	0.2329	0.035	0.036248813460281734	1	0.22156599999999999	3939570.94	7	0.21966999999999998	3904773.1	4	0.222174	3911307.96	8	0.21966999999999995	3904773.1
3999999	0.419	0.035	0.035523512889154014	1	0.42130599999999996	3996996.94	4	0.416468	3953938.54	20	0.41665599999999997	3904847.78	11	0.42247799999999996	3917350.06
3999999	0.161	0.035	0.03448729319689083	1	0.18677199999999997	4080049.6	1	0.186772	4080049.6	2	0.18761399999999998	4070650.7	1	0.186966	4075557.28
3999999	0.1194	0.035	0.03270972099017777	1	0.211088	3930347.18	4	0.21445999999999998	3942386.2	2	0.20994999999999997	3919026.62	5	0.219608	3955901.46
3999999	0.161	0.035	0.039172308279838725	1	0.19436000000000003	4116758.6	3	0.19343599999999994	4015077.88	3	0.18506200000000003	3989336.28	3	0.18391	3979548.7
3999999	0.341	0.035	0.03401489555158917	1	0.3606199999999999	4080938.74	1	0.36062	4080938.74	1	0.36062	4080938.74	2	0.36062	4080938.74
3999999	0.2287	0.035	0.037320004275386114	1	0.22647000000000003	3895776.9	14	0.213626	3853983.08	14	0.213626	3853983.08	18	0.20999999999999994	3833500.84
3999999	0.252	0.035	0.038127373698922766	1	0.297696	3961052.46	1	0.30061000000000004	3949380.12	1	0.297696	3961052.46	1	0.299044	3940953.64
3999999	0.2443	0.035	0.03708293539654608	1	0.272006	4143484.82	3	0.261604	4185482.18	1	0.272006	4143484.82	6	0.25261	4204163.04
3999999	0.1441	0.035	0.03347243310507205	1	0.20294399999999999	3990284.12	1	0.204174	4009871.26	3	0.207574	4019877.18	1	0.204174	4009871.26
3999999	0.301	0.035	0.035748985110045955	1	0.30881600000000003	4028233.64	2	0.309378	4027111.04	1	0.30881600000000003	4028233.64	2	0.30881600000000003	4028233.64
3999999	0.2146	0.035	0.0380299728690834	1	0.257886	3927837.04	2	0.266652	3899136.82	1	0.257886	3927837.04	11	0.25856999999999997	3861498.56
3999999	0.2277	0.035	0.03402778990582576	2	0.253608	3984350.06	2	0.245786	4049386.74	2	0.253608	3984350.06	2	0.24203	4071523.2
3999999	0.2569	0.035	0.03620976219218824	1	0.28998399999999996	4033445.94	1	0.291362	4029152.22	1	0.29136199999999995	4029152.22	1	0.290134	4019329.92
3999999	0.2576	0.035	0.03756190580636181	2	0.30411	3939468.92	5	0.314038	3918698.72	2	0.30411	3939468.92	5	0.324058	3904900.84
3999999	0.2628	0.035	0.03360819199502783	1	0.30406599999999995	4051223.46	1	0.30406599999999995	4051223.46	2	0.300106	3963491.48	1	0.30406599999999995	4051223.46
3999999	0.2153	0.035	0.03379519182523354	1	0.21090399999999998	4018311.12	2	0.214452	4049881.8	1	0.21336999999999995	3975835.8	2	0.215294	4052939.42
3999999	0.3612	0.035	0.037819120171392086	1	0.36896799999999996	4100059.38	1	0.36317	4106028.52	1	0.388872	4071079.88	1	0.36317	4106028.52
3999999	0.48	0.035	0.034997344132647976	1	0.43699000000000005	4039183.86	2	0.4389900000000001	4056120.7	3	0.43156200000000006	4088344.62	2	0.4389900000000001	4056120.7
3999999	0	0.035	0.03558906802503475	0	0.22126	3830579.86	0	0.22125999999999998	3830579.86	0	0.25075800000000004	3942520.08	0	0.22125999999999998	3830579.86
3999999	0.3751	0.035	0.03599420691087341	1	0.3789580000000001	3978422.46	2	0.37917	3974460.26	4	0.386928	3961107.8	2	0.37917	3974460.26
3999999	0.2106	0.035	0.037743083207267894	1	0.211418	3890907.8	2	0.214384	3846229.2	5	0.213458	3797943.48	3	0.21159800000000004	3808080.42
3999999	0.2674	0.035	0.0328625074914602	1	0.282656	3947648.24	1	0.288234	4012075.5	1	0.29055800000000004	3991411.96	1	0.28414	4135255.86
3999999	0.1661	0.035	0.03850772824597825	1	0.20506599999999994	3958561.66	1	0.22215	3946396.96	1	0.21823199999999995	3927772.06	1	0.21926799999999996	3943984.6
3999999	0.17	0.035	0.03726102815461168	1	0.175644	4091691.86	16	0.17162199999999994	4164407.44	2	0.17571	4119331.72	21	0.17047199999999996	4189712.7
3999999	0.2845	0.035	0.03575105193052464	1	0.32632	4022930.1	4	0.32863	3934925.18	2	0.305604	4077049.9	10	0.305878	3875981.72
3999999	0.2997	0.035	0.035011598663282344	1	0.29265599999999997	3862629.88	1	0.29392399999999996	3844820.06	1	0.29265599999999997	3862629.88	1	0.29392399999999996	3844820.06
3999999	0.1004	0.035	0.0303878158075392	1	0.22382400000000005	4118669.04	1	0.223824	4118669.04	1	0.220472	4185113.9	1	0.221366	4124502.4
3999999	0.3156	0.035	0.03578347303557871	1	0.362354	3905301.72	1	0.362654	3866298.68	1	0.362354	3905301.72	1	0.3585499999999999	3854052.2
3999999	0.1145	0.035	0.040814101933275636	1	0.161956	3880514.36	2	0.160572	3877013.88	2	0.150858	3837764.54	2	0.159914	3870014.84
3999999	0.222	0.035	0.03905584743211191	1	0.26222200000000007	4113239.72	1	0.262222	4113239.72	1	0.26222200000000007	4113239.72	1	0.26222200000000007	4113239.72
3999999	0.1693	0.035	0.029642366638182	1	0.222006	3940948.2	1	0.217144	3951657.3	13	0.202172	4117902.68	1	0.21709199999999998	3953672.3
3999999	0.1133	0.035	0.03396832714705282	1	0.204806	4028964.66	4	0.19832999999999998	3997298.4	4	0.19817400000000002	4000638.26	4	0.190352	3956631.28
3999999	0.3289	0.035	0.033081912149596174	1	0.3443979999999999	4035110.02	1	0.3513499999999999	4047680.68	1	0.3443979999999999	4035110.02	1	0.3443979999999999	4035110.02
3999999	0.4483	0.035	0.03559989610342772	1	0.419542	3989814.86	2	0.41657799999999995	3936196.28	17	0.406412	3801205.06	4	0.41918999999999995	3910829.16
3999999	0.2154	0.035	0.03463734747089374	1	0.237986	3958547.98	12	0.23176199999999997	3921653.68	22	0.234402	3857823.04	21	0.236304	3909021.12
3999999	0.3001	0.035	0.03272306588164076	1	0.318226	3958800.48	1	0.314444	3946833.5	1	0.318226	3958800.48	1	0.314444	3946833.5
3999999	0.1332	0.035	0.03711105179247115	1	0.219248	3943224.92	1	0.21863799999999997	3937590.5	1	0.207904	3991363.86	1	0.22071	3939896.42
3999999	0.1857	0.035	0.030897959340159188	1	0.24187	3992591.0	1	0.24153399999999997	4004856.46	6	0.231244	3848428.16	1	0.254122	4051731.66
3999999	0.1329	0.035	0.03516898331683458	1	0.176116	4004395.94	1	0.17551199999999997	4012375.2	1	0.176116	4004395.94	1	0.17371999999999996	4021904.12
3999999	0.1826	0.035	0.037879683694476994	1	0.20610999999999996	3998495.36	1	0.19844799999999999	4013510.8	12	0.209936	4142537.74	1	0.19844800000000004	4013510.8
3999999	0.3261	0.035	0.03439641051813278	1	0.3325	3960813.48	3	0.31965	3884979.22	1	0.3325620000000001	3971370.74	3	0.31892400000000004	3882193.46
3999999	0.1104	0.035	0.030807189145838458	1	0.19170199999999993	4031253.4	2	0.19199000000000002	4045913.48	1	0.18985799999999997	4006403.92	2	0.19124599999999997	4054901.88
3999999	0.3161	0.035	0.03854207275582246	1	0.32961200000000007	3974648.44	15	0.31365800000000005	4124678.1	8	0.31261799999999995	4101278.66	22	0.30736199999999997	4172694.86
3999999	0.3757	0.035	0.03874135840968836	1	0.40732399999999996	3965021.2	5	0.39371600000000007	4150921.98	2	0.39550599999999997	4100641.52	7	0.36922199999999994	4240707.04
3999999	0.1249	0.035	0.032549762633951256	1	0.198422	4037646.06	4	0.18535200000000004	4071111.74	4	0.19141399999999997	4101438.78	5	0.18842800000000004	4094368.5
3999999	0.221	0.035	0.03566996015651107	1	0.277326	4025903.94	2	0.25711600000000007	3931808.1	1	0.27945200000000003	4010440.74	2	0.257116	3931808.1
3999999	0.1206	0.035	0.04060417279500345	1	0.16582599999999995	3964215.24	2	0.165826	3964215.24	4	0.16419199999999998	3991727.42	2	0.165826	3964215.24
3999999	0.1634	0.035	0.03544263164992913	1	0.22888000000000003	3744570.12	3	0.22875399999999996	3739612.9	1	0.23849599999999996	3785287.0	3	0.22875399999999996	3739612.9
3999999	0.1881	0.035	0.03660522703218929	1	0.220136	4059152.44	1	0.22014399999999998	4071275.46	1	0.220136	4059152.44	1	0.22014399999999998	4071275.46
3999999	0.5603	0.035	0.03449389659735658	1	0.58917	3901434.74	2	0.559938	3864830.24	2	0.559938	3864830.24	1	0.559562	3867473.44
3999999	0.1654	0.035	0.03275096670526557	1	0.21253	3941845.74	1	0.21252999999999997	3941845.74	1	0.20660599999999998	3913745.62	1	0.21253	3941845.74
3999999	0.3042	0.035	0.03482267583108682	1	0.32878799999999997	3995857.7	1	0.33462400000000003	4001937.68	1	0.33462400000000003	4001937.68	1	0.33462400000000003	4001937.68
3999999	0.2042	0.035	0.03554841600864125	1	0.219658	4093589.22	1	0.21073599999999998	4041547.52	1	0.21965800000000002	4093589.22	1	0.21073600000000003	4041547.52
3999999	0.2122	0.035	0.03307086103298936	1	0.218304	3849327.14	2	0.21229199999999998	3820227.8	2	0.212276	3820102.9	2	0.212276	3820102.9
3999999	0.4038	0.035	0.03436846121329633	1	0.40312800000000004	3950297.32	1	0.393158	3915600.16	1	0.40312799999999993	3950297.32	3	0.39286	3887553.8
3999999	0.2251	0.035	0.03667964293086544	1	0.269584	4151232.52	1	0.26004399999999994	4080428.74	1	0.270826	4146432.8	1	0.26004399999999994	4080428.74
3999999	0.2473	0.035	0.0329886627741553	1	0.287058	3937312.48	2	0.295672	3865844.22	2	0.2957	3859302.3	2	0.295502	3856812.54
3999999	0.1184	0.035	0.034455288081567885	1	0.233788	4120893.68	1	0.239914	4099112.74	1	0.23378800000000002	4120893.68	1	0.239914	4099112.74
3999999	0.1123	0.035	0.031261957642781155	1	0.144146	4019363.94	1	0.144146	4019363.94	8	0.14866200000000002	3962376.06	1	0.144146	4019363.94
3999999	0.2613	0.035	0.03425424404037173	1	0.279452	3964649.54	2	0.277268	3962290.18	2	0.277268	3962290.18	2	0.279452	3964649.54
3999999	0.1565	0.035	0.03339937290975908	1	0.189526	3987039.04	2	0.19058	3980230.86	1	0.189526	3987039.04	2	0.19058	3980230.86
3999999	0.2265	0.035	0.03574135690032658	1	0.257648	3945106.46	3	0.26106	3973720.0	6	0.275748	4113561.24	3	0.25551599999999997	4023506.84
3999999	0.2315	0.035	0.03574819668387246	1	0.218474	3940619.86	11	0.219142	3995433.88	23	0.20814600000000003	4246405.62	12	0.21816599999999997	4017864.42
3999999	0.4443	0.035	0.0347806249197498	1	0.42635999999999996	3999979.66	1	0.427036	4036903.16	1	0.4249719999999999	4002661.22	3	0.427736	4057247.32
3999999	0.2333	0.035	0.03772698824421789	1	0.223866	3977108.26	5	0.22519199999999998	4058478.8	4	0.22584399999999996	3990055.32	5	0.227224	4096022.52
3999999	0.262	0.035	0.03656098486924042	1	0.30228800000000006	4037009.2	5	0.27967400000000003	3906011.04	5	0.27967400000000003	3906011.04	9	0.24744600000000003	3752136.86
3999999	0.4469	0.035	0.0358023996725874	1	0.37738	4146516.84	1	0.37738	4146516.84	8	0.37914799999999993	4159036.2	1	0.37738	4146516.84
3999999	0.2752	0.035	0.03379811380331586	1	0.27294799999999997	4176537.44	6	0.291948	4063688.04	3	0.28439800000000004	4100178.14	6	0.289656	4046117.74
3999999	0.2925	0.035	0.035113001503672796	1	0.31533199999999995	4102558.82	3	0.310764	4111423.92	1	0.31533199999999995	4102558.82	3	0.310764	4111423.92
3999999	0.1106	0.035	0.03362852485884477	1	0.19642199999999996	3916126.78	1	0.18930000000000002	3902825.2	2	0.1893	3902825.2	2	0.1893	3902825.2
3999999	0.6	0.035	0.03547010473389171	1	0.538142	3941833.5	5	0.5293739999999999	4034049.88	4	0.520032	4007716.82	11	0.510064	4094903.64
3999999	0.2363	0.035	0.03937995578186628	1	0.23177599999999998	3927514.66	1	0.231776	3927514.66	23	0.207414	3690709.5	1	0.23177599999999998	3927514.66
3999999	0.2991	0.035	0.034625583805246746	1	0.308914	4023786.64	3	0.297988	3977246.64	1	0.30891399999999997	4023786.64	3	0.277548	3957451.78
3999999	0.2223	0.035	0.03705216460308166	1	0.259332	4017250.46	1	0.256494	4004044.44	1	0.25686600000000004	3976989.9	1	0.256494	4004044.44
3999999	0.1377	0.035	0.03375484161619264	1	0.252288	3993439.42	5	0.246654	3978345.78	2	0.24762599999999999	3983251.36	5	0.24698799999999999	3973744.62
3999999	0.1739	0.035	0.04022901263698758	1	0.17339400000000002	3909819.06	1	0.17778000000000002	3870927.9	3	0.17700599999999997	3852780.68	3	0.17700599999999997	3852780.68
3999999	0.2982	0.035	0.03462944229568286	1	0.343234	4015154.76	1	0.34416199999999997	4024405.22	1	0.33734	4140076.32	1	0.34416199999999997	4024405.22
3999999	0.1283	0.035	0.038086746403140345	1	0.174804	3990071.42	1	0.176748	3949750.56	1	0.176404	3959974.62	2	0.17551400000000006	3914969.44
3999999	0.2912	0.035	0.03731153182936054	1	0.24648799999999998	4150044.16	3	0.24137999999999998	4170076.04	1	0.24648799999999998	4150044.16	3	0.240646	4173300.88
3999999	0.1118	0.035	0.031712761461254256	1	0.15350999999999998	4032343.64	1	0.15350999999999998	4032343.64	1	0.15116800000000002	4049626.36	1	0.15350999999999998	4032343.64
3999999	0.3646	0.035	0.03429183732327737	1	0.35799600000000004	3955620.42	2	0.30558	3782187.48	1	0.35799600000000004	3955620.42	2	0.30610000000000004	3778827.4
3999999	0.1917	0.035	0.0355641694899836	1	0.23004200000000005	4022417.84	1	0.23004200000000005	4022417.84	1	0.229642	4008973.24	1	0.23004200000000005	4022417.84
3999999	0.401	0.035	0.03635063686916867	1	0.3370679999999999	4087595.88	1	0.35696	4035477.14	1	0.3370679999999999	4087595.88	1	0.35512	3991372.16
3999999	0.2099	0.035	0.03502831822217468	1	0.23802	3881670.24	1	0.23802	3881670.24	4	0.221926	3821462.04	1	0.240334	3889334.7
3999999	0.1028	0.035	0.03830892894860109	1	0.158942	4001984.58	1	0.158942	4001984.58	1	0.15894199999999997	4001984.58	1	0.16116799999999998	4049273.2
3999999	0.121	0.035	0.03443373388915395	1	0.186054	4062392.24	1	0.18742999999999999	4039357.06	1	0.182552	4018586.56	1	0.182672	4033598.98
3999999	0.1538	0.035	0.03570647382697212	1	0.16759800000000002	3912355.78	2	0.18612	3874595.86	3	0.181936	3847824.16	3	0.19354600000000002	3858754.64
3999999	0.2093	0.035	0.034302560266692504	1	0.29617600000000005	3999565.52	1	0.29617600000000005	3999565.52	1	0.29617600000000005	3999565.52	1	0.29617600000000005	3999565.52
3999999	0.2196	0.035	0.0364601008151026	1	0.227736	3926205.06	1	0.227736	3926205.06	1	0.227736	3926205.06	1	0.227736	3926205.06
3999999	0.4587	0.035	0.034245826414228346	1	0.43604200000000004	3919127.52	2	0.4372	3965097.44	18	0.4561019999999999	4110981.34	2	0.43731200000000003	3987897.32
3999999	0.2867	0.035	0.03405398288151899	2	0.23829000000000003	4071763.42	8	0.24769200000000002	4118628.06	23	0.27378800000000003	4244592.9	10	0.25857399999999997	4158328.68
3999999	0.1057	0.035	0.03296134815774278	1	0.21457	4014153.06	1	0.21456999999999998	4014153.06	1	0.21457	4014153.06	1	0.21457	4014153.06
3999999	0.2283	0.035	0.0382466449928964	1	0.25142600000000004	4049534.42	1	0.248802	4038420.32	1	0.25142600000000004	4049534.42	1	0.240832	4027112.7
3999999	0.1436	0.035	0.03421059097788413	1	0.20152800000000004	3941155.2	1	0.20152799999999998	3941155.2	1	0.20406400000000005	3975221.58	1	0.20152800000000004	3941155.2
3999999	0.2526	0.035	0.03613682502943405	1	0.302096	3960577.54	1	0.28427	3974488.04	1	0.302096	3960577.54	2	0.28427	3974488.04
3999999	0.1462	0.030	0.03028441228090302	1	0.22248199999999996	4003073.18	1	0.22513399999999997	3990817.84	3	0.222926	3947613.56	2	0.22503399999999998	3987472.46
3999999	0.1026	0.030	0.02793270360930554	1	0.30678	4022425.12	1	0.30678	4022425.12	1	0.302958	4031988.46	1	0.30678	4022425.12
3999999	0.3699	0.030	0.028921036386293585	1	0.39742200000000005	3985155.42	2	0.39182399999999995	3945312.86	12	0.3609800000000001	3872758.56	3	0.37544	3896140.9
3999999	0.1932	0.030	0.028434391881425332	1	0.22696599999999997	3880741.16	1	0.22696599999999992	3880741.16	1	0.222384	3851752.1	1	0.22696599999999997	3880741.16
3999999	0.483	0.030	0.02984344486250151	1	0.4982619999999999	4081057.76	5	0.479418	4108486.24	28	0.42555	4226481.2	8	0.46380999999999994	4136295.44
3999999	0.1793	0.030	0.03117906174952976	1	0.209454	3994861.16	1	0.21045199999999997	3987342.16	1	0.21693399999999996	3938906.54	1	0.21566600000000002	3958486.82
3999999	0.3158	0.030	0.028839577918796114	4	0.298812	4145930.76	8	0.300944	4160010.18	48	0.23660399999999995	4324014.56	9	0.300944	4160010.18
3999999	0.1049	0.030	0.027780685439998606	1	0.19308799999999998	3970147.06	1	0.18862599999999996	3974983.06	1	0.19308799999999998	3970147.06	1	0.18942399999999998	3983550.78
3999999	0.113	0.030	0.02552490694338759	1	0.19176200000000002	4064834.24	1	0.190304	4055236.72	1	0.19225199999999998	4075639.98	1	0.19176200000000002	4064834.24
3999999	0.2488	0.030	0.03218150279592089	1	0.2748	4055008.98	4	0.27656400000000003	3884221.92	1	0.27328199999999997	4007833.28	7	0.245826	3771357.3
3999999	0.1282	0.030	0.030186125834439137	1	0.188806	3920530.52	1	0.196692	3973979.88	1	0.196692	3973979.88	1	0.19669199999999998	3973979.88
3999999	0.1347	0.030	0.03270776903328744	1	0.19454199999999996	4025617.48	3	0.19504199999999997	4057274.58	3	0.198236	4047378.74	3	0.18864599999999998	4086640.52
3999999	0	0.030	0.03179965028116077	0	0.3854419999999999	4002705.4	0	0.36379000000000006	3886392.04	0	0.34571599999999997	3858879.4	0	0.34858599999999995	3862655.9
3999999	0.1761	0.030	0.03005290434000301	1	0.21491600000000005	4008965.86	1	0.21491600000000002	4008965.86	1	0.21491600000000005	4008965.86	1	0.21491600000000002	4008965.86
3999999	0.1937	0.030	0.03208669737557027	1	0.203936	3937788.32	1	0.203952	3936185.98	2	0.203952	3936185.98	1	0.203952	3936185.98
3999999	0.1222	0.030	0.025833116035236643	1	0.29126	3857655.08	1	0.294382	3861093.54	1	0.30076	3890367.08	1	0.30076	3890367.08
3999999	0.3315	0.030	0.031182397825939435	1	0.35266000000000003	4097199.22	1	0.35705999999999993	4109915.52	7	0.351412	4133461.52	1	0.35266000000000003	4097199.22
3999999	0.2901	0.030	0.03198287371477424	1	0.272936	4128667.16	3	0.257274	4053703.6	1	0.272936	4128667.16	3	0.254774	4030134.5
3999999	0.4703	0.030	0.03441665492838235	1	0.46235600000000004	3996563.74	2	0.46643799999999996	3964131.02	3	0.460088	3938808.42	2	0.463658	3961005.72
3999999	0.2145	0.030	0.03413870173789661	3	0.188386	3878084.34	3	0.18987600000000002	3888147.28	3	0.19380200000000003	3912195.14	3	0.19380200000000003	3912195.14
3999999	0.2909	0.030	0.03111986429310122	1	0.29047799999999996	4030858.94	1	0.29047799999999996	4030858.94	1	0.29047799999999996	4030858.94	1	0.29047799999999996	4030858.94
3999999	0.4053	0.030	0.02992080190243473	1	0.395722	3911027.02	1	0.395722	3911027.02	2	0.42151799999999995	3966968.0	2	0.42151799999999995	3966968.0
3999999	0.3159	0.030	0.03314884306327269	1	0.28096399999999994	3948862.16	1	0.28110199999999996	3953432.04	2	0.29822400000000004	3878124.78	1	0.28110199999999996	3953432.04
3999999	0.1618	0.030	0.02885913016821726	1	0.20822999999999997	3980592.58	1	0.207304	3969690.98	1	0.21901800000000002	3908713.38	1	0.207304	3969690.98
3999999	0.2443	0.030	0.030240585225420082	1	0.252342	3988069.82	1	0.25052800000000003	3999165.4	2	0.255408	3961458.7	1	0.250916	4005692.28
3999999	0.1917	0.030	0.029839069318290598	2	0.25295599999999996	3991748.68	1	0.24628599999999998	3959276.82	2	0.25295599999999996	3991748.68	1	0.248842	3943904.56
3999999	0.1799	0.030	0.03177910514284961	1	0.222362	4028971.32	2	0.22483	4019007.12	7	0.223412	3968033.16	3	0.22371200000000002	3997795.08
3999999	0.5212	0.030	0.03271406071845024	1	0.544428	4012518.06	10	0.555938	3978439.56	1	0.544428	4012518.06	10	0.5527780000000001	3968172.26
3999999	0.244	0.030	0.028875155145699438	1	0.303662	4128322.78	1	0.303538	4124337.58	1	0.30320400000000003	4137974.48	1	0.303662	4128322.78
3999999	0.4007	0.030	0.029499001999721348	1	0.41062600000000005	3959286.14	3	0.3957360000000001	3929361.18	11	0.384746	3871625.46	3	0.40015999999999996	3936767.12
3999999	0.3637	0.030	0.02914287763974385	1	0.35352199999999995	4109318.22	1	0.353134	4098439.72	5	0.334184	4188609.02	1	0.35352199999999995	4109318.22
3999999	0.1634	0.030	0.032684727287517354	1	0.18549200000000002	3953867.98	4	0.18785599999999994	3968290.96	14	0.18235800000000002	4152155.56	5	0.185978	3996584.06
3999999	0.1999	0.030	0.031711280033591895	1	0.20959	3944805.62	1	0.20716199999999996	3913309.14	3	0.213892	3962773.32	1	0.20716199999999996	3913309.14
3999999	0.1364	0.030	0.0319779131041093	1	0.194832	4033377.18	3	0.19872	4013810.4	5	0.193718	3919885.18	4	0.200914	3977582.84
3999999	0.2153	0.030	0.03181946214211003	1	0.26100199999999996	3922525.98	2	0.263528	3912959.24	2	0.26326	3935056.38	2	0.263528	3912959.24
3999999	0.3746	0.030	0.03476018748618296	1	0.38711599999999996	4085425.66	4	0.38485400000000003	4100004.58	3	0.3819600000000001	3914842.26	4	0.38485400000000003	4100004.58
3999999	0.3793	0.030	0.029213999135238682	1	0.38839199999999996	4036387.96	1	0.38868199999999997	4036559.7	1	0.38610800000000006	4041914.26	1	0.38610800000000006	4041914.26
3999999	0.2673	0.030	0.03137477715138738	1	0.30363	4010158.34	1	0.299122	4004681.04	1	0.31827399999999995	4024699.06	1	0.299122	4004681.04
3999999	0.2837	0.030	0.03411642540572377	1	0.25134999999999996	4143707.3	9	0.274344	3863295.2	11	0.27395600000000003	3822377.76	11	0.27395600000000003	3822377.76
3999999	0.4013	0.030	0.029059293858836384	1	0.4014179999999999	4131612.14	2	0.379686	4107825.84	1	0.40141799999999994	4131612.14	2	0.379686	4107825.84
3999999	0.5194	0.030	0.031229686835638638	1	0.460152	3963324.54	1	0.455172	3932734.22	1	0.46343199999999996	3991224.26	1	0.460152	3963324.54
3999999	0.3103	0.030	0.02859417829360235	1	0.367954	3987698.36	1	0.36795399999999995	3987698.36	1	0.36728399999999994	3985208.18	1	0.36795399999999995	3987698.36
3999999	0.2401	0.030	0.030222713531784125	1	0.20529799999999998	3968556.44	1	0.206144	3979677.18	2	0.2116	3984132.66	2	0.2116	3984132.66
3999999	0.3883	0.030	0.03138161331623636	1	0.36813399999999996	4017554.08	1	0.36811	3988192.42	1	0.367854	4037667.84	3	0.36811000000000005	3988192.42
3999999	0.3703	0.030	0.028560775876812716	1	0.389696	4040116.94	1	0.39076	4039321.08	6	0.35938200000000003	3956393.68	1	0.377832	4004178.2
3999999	0.2814	0.030	0.032257900555800016	1	0.259778	3878862.46	12	0.22633399999999998	3735312.78	12	0.226334	3735312.78	13	0.22517399999999996	3709966.42
3999999	0.2301	0.030	0.028934838797217578	1	0.32823	4004680.44	1	0.32823	4004680.44	1	0.3282299999999999	4004680.44	1	0.32823	4004680.44
3999999	0.4604	0.030	0.03230749448587334	1	0.44435600000000003	4065575.2	1	0.44435600000000003	4065575.2	20	0.42753599999999997	4149053.2	1	0.44435600000000003	4065575.2
3999999	0.3716	0.030	0.03420983733420984	1	0.29927	4035052.0	7	0.340142	3860625.64	3	0.32070399999999993	3912222.86	13	0.334358	3827241.4
3999999	0.1355	0.030	0.03385239824285747	1	0.172134	3836484.6	4	0.172732	3915652.4	1	0.17016799999999999	3827570.5	6	0.17189999999999997	3918884.54
3999999	0.2009	0.030	0.029655853620188112	1	0.23016999999999999	3864029.64	1	0.230982	3849872.84	12	0.21401399999999998	3793571.0	2	0.23098199999999994	3849872.84
3999999	0.2241	0.030	0.030264565367230056	1	0.245708	4086534.66	7	0.22806799999999997	4140426.26	50	0.189666	4505252.56	10	0.228068	4140426.26
3999999	0.5661	0.030	0.030601862851462047	1	0.546484	3964892.68	1	0.55216	3996551.58	13	0.526408	4119735.94	1	0.542214	4007461.14
3999999	0.3111	0.030	0.02973991520798308	1	0.32517799999999997	3967840.72	1	0.311516	4028488.9	1	0.32517799999999997	3967840.72	2	0.315608	4063149.56
3999999	0.3051	0.030	0.033020239082236114	1	0.316384	3951392.28	1	0.29197799999999996	3888435.28	29	0.2662280000000001	3724712.48	1	0.29197799999999996	3888435.28
3999999	0.1898	0.030	0.029882953631548158	1	0.21389799999999998	3969024.54	1	0.21426599999999996	3996556.66	1	0.21532	4009987.98	1	0.21531999999999996	4009987.98
3999999	0.4609	0.030	0.028578274110354247	1	0.44038	3944975.28	1	0.44425799999999993	3933821.5	11	0.41423199999999993	3841423.4	1	0.44425799999999993	3933821.5
3999999	0.1668	0.030	0.027231036464846238	1	0.21097	3997238.12	1	0.21096999999999994	3997238.12	1	0.207102	3986800.38	1	0.21097	3997238.12
3999999	0.137	0.030	0.0316578655803385	1	0.18419400000000002	3945395.96	3	0.16928000000000004	3887445.02	3	0.168518	3843952.12	3	0.167122	3866864.98
3999999	0.3528	0.030	0.030562019028858703	1	0.35713200000000006	4083926.2	1	0.36462000000000006	4118444.82	1	0.36462000000000006	4118444.82	2	0.377132	4144540.7
3999999	0.3281	0.030	0.02838934562794839	1	0.34747600000000006	3876510.54	1	0.352374	3885250.84	2	0.352014	3884247.32	1	0.35607200000000006	3906790.54
3999999	0.1924	0.030	0.028509905704962105	1	0.21024199999999996	4079726.02	4	0.210242	4079726.02	4	0.217778	4095356.16	4	0.212964	4086312.44
3999999	0.1339	0.030	0.026106810202461188	1	0.192668	4039968.3	1	0.192878	4042795.66	1	0.200062	4060614.52	1	0.194792	4051082.32
3999999	0.2729	0.030	0.029857556281908514	1	0.25846800000000003	4175008.96	1	0.265652	4165200.72	1	0.29856	4137491.84	1	0.265652	4165200.72
3999999	0.3506	0.030	0.03060128848596226	1	0.361652	3911061.7	2	0.33065399999999995	4084463.6	1	0.34531399999999995	3950564.24	4	0.321054	4098049.72
3999999	0.5834	0.030	0.029156686722873963	1	0.5961460000000001	4051114.32	16	0.5953	4061922.38	1	0.6036439999999998	4030376.6	16	0.5953	4061922.38
3999999	0.2215	0.030	0.030067564737377057	1	0.295908	3986711.62	1	0.277966	4043176.82	1	0.294026	3994759.14	2	0.27341000000000004	4065880.34
3999999	0.3127	0.030	0.032339082158491655	1	0.30872000000000005	4073477.7	1	0.30872000000000005	4073477.7	1	0.30872000000000005	4073477.7	1	0.30872000000000005	4073477.7
3999999	0.1454	0.030	0.027815837262474035	1	0.21368400000000004	4012974.92	1	0.213684	4012974.92	1	0.21519800000000003	3989549.42	1	0.20710599999999996	4009858.34
3999999	0	0.030	0.029850393492280504	0	0.21049199999999998	3978389.92	0	0.21208	3967216.38	0	0.223948	3836328.2	0	0.21208	3967216.38
3999999	0.1803	0.030	0.02695003365255853	1	0.21447999999999998	3883238.14	3	0.21405599999999997	3854508.0	27	0.21258400000000002	3733582.72	3	0.210524	3834784.7
3999999	0.4453	0.030	0.030618779634417885	1	0.46048	4047327.16	2	0.44400400000000007	4106019.7	2	0.44703200000000004	4116481.9	2	0.44856	4120596.62
3999999	0.4161	0.030	0.02984617543312816	1	0.396474	3893228.46	1	0.39647400000000005	3893228.46	5	0.38971200000000006	3855393.26	1	0.39647400000000005	3893228.46
3999999	0.4907	0.030	0.031843699920924375	2	0.47196400000000005	3969016.16	2	0.47059599999999996	3958631.26	2	0.47196400000000005	3969016.16	2	0.47059599999999996	3958631.26
3999999	0.1063	0.030	0.027495009454175975	1	0.22719400000000003	4095138.36	1	0.21726199999999998	4123080.64	1	0.220018	4106745.62	1	0.21726199999999998	4123080.64
3999999	0.2452	0.030	0.028908435877627824	1	0.28265	3915048.46	1	0.28265	3915048.46	1	0.28343599999999997	3916812.16	1	0.2815	3920773.6
3999999	0.2637	0.030	0.030122264451568286	1	0.27532599999999996	4142884.74	1	0.27356	4149404.18	23	0.242404	4212941.14	2	0.27353599999999995	4149979.36
3999999	0.2362	0.030	0.03188441985190262	1	0.24081199999999994	3865557.42	1	0.24081199999999994	3865557.42	1	0.24081199999999994	3865557.42	1	0.24081199999999994	3865557.42
3999999	0.2289	0.030	0.029042283952391112	1	0.24832	4210577.3	1	0.274642	4097592.22	1	0.25388	4222257.5	1	0.27383	4105772.34
3999999	0.5057	0.030	0.0319566333043973	1	0.502262	3997287.68	1	0.5027159999999999	3980888.76	1	0.493148	3963184.4	1	0.493148	3963184.4
3999999	0.4435	0.030	0.02989507376651651	1	0.43043200000000015	3848020.14	1	0.43595	3881481.36	3	0.38498600000000005	4127849.06	1	0.449082	3910296.38
3999999	0.2677	0.030	0.028449522982799635	1	0.2784	4086487.16	16	0.272902	4099565.32	2	0.27543599999999996	4057516.92	24	0.273062	4100186.02
3999999	0.4082	0.030	0.031127798892303216	1	0.32526399999999994	4089369.06	4	0.33616	4096779.2	23	0.28301200000000004	3786280.2	4	0.33616	4096779.2
3999999	0	0.030	0.026909275129482782	0	0.265294	4045177.4	0	0.268308	4030820.96	0	0.24537199999999998	4176279.14	0	0.265294	4045177.4
3999999	0.3297	0.030	0.030138282826611216	1	0.320888	4044416.66	1	0.322946	4057687.96	32	0.296114	4196824.86	1	0.316702	4075640.26
3999999	0.1781	0.030	0.03319363978837724	1	0.19284799999999996	4032948.98	1	0.19592999999999997	4045422.56	1	0.19226999999999997	4027585.92	1	0.19325200000000003	4077356.14
3999999	0.5563	0.030	0.030065416900623178	1	0.525022	4087482.1	1	0.525022	4087482.1	1	0.525022	4087482.1	1	0.525022	4087482.1
3999999	0.1039	0.030	0.027857631349591384	1	0.18102800000000002	3905433.8	1	0.18102800000000002	3905433.8	2	0.173922	4023393.08	1	0.18102800000000002	3905433.8
3999999	0.3832	0.030	0.03082707535713609	1	0.38884799999999997	3968242.48	7	0.40601800000000005	4053751.8	9	0.39495200000000014	4139523.1	8	0.404118	4069689.8
3999999	0.2746	0.030	0.02872911588420489	1	0.285036	3920172.18	1	0.280062	3915678.94	1	0.285036	3920172.18	1	0.280062	3915678.94
3999999	0.3639	0.030	0.030188049342269076	1	0.381354	3993832.88	2	0.386952	3978762.8	2	0.386952	3978762.8	2	0.386952	3978762.8
3999999	0.3985	0.030	0.030017353597404536	1	0.4126560000000001	3956202.62	2	0.408392	3959206.44	2	0.415886	3936312.98	2	0.4017	3962825.3
3999999	0.1833	0.030	0.029814375236016454	1	0.21505600000000002	4060764.7	1	0.21505599999999997	4060764.7	7	0.21458	4178836.76	1	0.21505600000000002	4060764.7
3999999	0.4257	0.030	0.031022674353270073	1	0.4180319999999999	4034196.4	7	0.43147599999999997	4102203.86	20	0.41580399999999995	4217502.6	10	0.431968	4140641.94
3999999	0.5601	0.030	0.028914263452101716	1	0.5384319999999999	3988065.7	1	0.55086	4007508.68	57	0.443322	4290628.74	5	0.545998	4034796.34
3999999	0.2929	0.030	0.03440627324472749	1	0.289866	3957195.0	4	0.274694	4078731.18	4	0.28793799999999997	3945762.82	6	0.262456	4138396.74
3999999	0.2142	0.030	0.026580690868818587	1	0.28106	3899134.76	1	0.299312	3899986.92	1	0.28959	3932695.66	1	0.299312	3899986.92
3999999	0.2169	0.030	0.031991062068890505	1	0.203014	3857891.18	1	0.203014	3857891.18	1	0.205268	3872819.62	1	0.203014	3857891.18
3999999	0.3395	0.030	0.031803520816898315	1	0.34097799999999995	4024770.66	4	0.33221000000000006	3995440.16	20	0.336004	3875786.4	4	0.33439800000000003	3977871.54
3999999	0.4593	0.030	0.031457651584800225	1	0.4726120000000001	4002227.64	1	0.47109199999999996	4008163.14	5	0.49001599999999995	4043244.24	1	0.47109199999999996	4008163.14
3999999	0.2583	0.025	0.024000298831156893	1	0.282422	4017635.64	2	0.28513999999999995	4027838.3	3	0.27876	3900321.94	2	0.28513999999999995	4027838.3
3999999	0.5306	0.025	0.026654844795674204	2	0.45994799999999997	4089633.28	2	0.46337000000000006	4112758.22	3	0.488348	4032337.28	3	0.463638	4122097.1
3999999	0.2303	0.025	0.02801486889096482	1	0.20965400000000003	3943675.7	8	0.23017200000000002	3857701.08	6	0.230172	3857701.08	11	0.222516	3836182.1
3999999	0	0.025	0.027744681011891963	0	0.308428	3968288.84	0	0.31038599999999994	3954838.9	0	0.308428	3968288.84	0	0.307376	3944128.12
3999999	0.1004	0.025	0.02800879675553246	1	0.23986400000000002	3929145.62	1	0.229526	3901932.44	1	0.23344199999999998	3911214.38	1	0.22952599999999998	3901932.44
3999999	0.1582	0.025	0.029124612230298642	1	0.18869599999999997	3906041.8	1	0.18866200000000002	3895580.96	1	0.18869599999999997	3906041.8	1	0.185156	3884509.34
3999999	0.4035	0.025	0.025587164542367584	1	0.42471799999999993	3984962.26	1	0.4205859999999999	3978470.56	1	0.404614	4047017.76	1	0.42471799999999993	3984962.26
3999999	0.3648	0.025	0.027532548254901625	1	0.33137600000000006	4082543.6	1	0.34791799999999995	4102436.94	1	0.350402	4151640.32	1	0.36428999999999995	4132404.72
3999999	0.1461	0.025	0.028441955224072363	1	0.160458	4137997.82	2	0.162566	4144656.74	6	0.17169399999999999	3906029.14	2	0.162566	4144656.74
3999999	0.3555	0.025	0.023592830604137843	1	0.33448999999999995	3949619.16	1	0.33443199999999995	3941970.54	9	0.348468	3866548.98	1	0.33443199999999995	3941970.54
3999999	0.3423	0.025	0.024131905132946534	1	0.33104200000000006	3987362.4	18	0.33568400000000004	4001130.32	5	0.309942	3924954.54	18	0.344404	4029300.6
3999999	0.1223	0.025	0.02477664267668215	1	0.22471	4060573.1	1	0.223706	4002891.74	1	0.203432	3658816.54	1	0.231178	3990410.1
3999999	0.523	0.025	0.026360160002464574	1	0.531158	3998629.04	6	0.552646	4058953.1	21	0.466544	4199110.4	9	0.5163880000000001	4124075.2
3999999	0.2341	0.025	0.026853500404983226	1	0.270642	3987032.22	1	0.27176	3975165.78	2	0.278798	4015779.22	1	0.272484	3968347.52
3999999	0.2263	0.025	0.026216143458024775	1	0.261812	3894016.84	1	0.261812	3894016.84	1	0.267854	3912834.02	1	0.261812	3894016.84
3999999	0.5449	0.025	0.02487373171488215	2	0.473446	4072287.26	5	0.475732	4116947.4	2	0.47558199999999995	4076125.58	8	0.48517399999999994	4134474.36
3999999	0.221	0.025	0.029902957879532645	1	0.24548199999999995	4084159.02	1	0.24548199999999998	4084159.02	14	0.23342600000000002	4155443.0	1	0.24548199999999998	4084159.02
3999999	0.1511	0.025	0.024384189856327326	1	0.18814799999999998	3901649.64	1	0.18264	3910292.66	1	0.18814799999999998	3901649.64	1	0.18264	3910292.66
3999999	0.4714	0.025	0.026302717377265132	1	0.46601400000000004	4050611.16	1	0.46601400000000004	4050611.16	3	0.467862	4059073.06	1	0.46847199999999994	4052927.26
3999999	0.1055	0.025	0.029408213841335483	1	0.16787600000000003	3941765.12	1	0.16668	3935261.92	1	0.171902	3929097.24	1	0.16543999999999998	3932751.7
3999999	0.1536	0.025	0.023485739127628927	1	0.19831	3995862.08	1	0.199732	4006771.42	3	0.19665	3939252.64	2	0.199732	4006771.42
3999999	0.1196	0.025	0.027214615017221198	1	0.20948199999999997	4034987.5	1	0.20948199999999997	4034987.5	1	0.21215799999999999	4022939.78	1	0.21323600000000004	4041980.02
3999999	0.2638	0.025	0.025170927009000088	1	0.27516	4028933.88	1	0.27516	4028933.88	23	0.26636400000000005	4118052.2	1	0.27515999999999996	4028933.88
3999999	0.1574	0.025	0.02508993455600613	1	0.181298	4044985.72	1	0.18028800000000003	4110308.48	1	0.179154	4116268.52	1	0.179154	4116268.52
3999999	0.38	0.025	0.026769332175828293	1	0.3956160000000001	4055119.76	2	0.39561600000000013	4055119.76	5	0.4135879999999999	3953481.14	1	0.39561599999999997	4055119.76
3999999	0.3266	0.025	0.027203909586611317	2	0.34025799999999995	4071272.86	3	0.33649999999999997	4035919.92	6	0.33366799999999996	4025779.98	3	0.33649999999999997	4035919.92
3999999	0.1653	0.025	0.02543038318739583	1	0.186338	3965332.78	1	0.18478000000000003	3983555.82	1	0.19211999999999999	4017478.04	1	0.19211999999999999	4017478.04
3999999	0.4409	0.025	0.028843499735003615	1	0.400646	4034830.66	7	0.40510199999999996	3926593.4	3	0.40280400000000016	3952857.0	9	0.40510199999999996	3926593.4
3999999	0.4423	0.025	0.027237708658403838	1	0.420866	4113685.28	1	0.42086599999999996	4113685.28	1	0.426162	4106041.16	1	0.426162	4106041.16
3999999	0.4734	0.025	0.02664400541730215	1	0.47239800000000004	3941675.46	1	0.47239799999999993	3941675.46	1	0.47239799999999993	3941675.46	1	0.47239799999999993	3941675.46
3999999	0.2494	0.025	0.02665060064936632	1	0.308294	3902730.42	2	0.306066	3889097.6	7	0.294204	3848324.4	3	0.306636	3876204.3
3999999	0.2271	0.025	0.02544547909567753	1	0.252782	3936049.46	2	0.25276	3930619.46	12	0.24583200000000002	3839612.16	5	0.25829399999999997	3888195.04
3999999	0.2325	0.025	0.028484494859339755	1	0.23324599999999995	3945866.0	1	0.241528	3917863.84	1	0.23324599999999995	3945866.0	1	0.24152799999999996	3917863.84
3999999	0.2126	0.025	0.02347736030458249	1	0.25447	3899464.28	1	0.259648	3907341.3	8	0.229678	4282218.14	1	0.26608800000000005	3920034.26
3999999	0.2275	0.025	0.023150283260085204	1	0.246786	3973854.52	1	0.246786	3973854.52	8	0.26497400000000004	3891179.44	1	0.246786	3973854.52
3999999	0.4658	0.025	0.025771843971251165	1	0.46352400000000005	3991515.04	5	0.466074	3973475.04	3	0.447084	4030582.6	4	0.4643940000000001	3978786.24
3999999	0.2237	0.025	0.027135770463760738	1	0.23451400000000003	4072100.44	2	0.234514	4072100.44	6	0.24231599999999998	4020636.22	2	0.23482199999999998	4054748.9
3999999	0.3095	0.025	0.027609382414648637	1	0.283396	4052946.18	3	0.28567200000000004	4058664.0	1	0.283396	4052946.18	4	0.276616	4096560.36
3999999	0.3485	0.025	0.028493428294736802	1	0.29429199999999994	4019484.88	1	0.30723599999999995	3999730.44	1	0.30723599999999995	3999730.44	1	0.30723599999999995	3999730.44
3999999	0.1463	0.025	0.023347122767130232	1	0.16860399999999998	4007417.24	1	0.171936	4015413.1	2	0.171842	3976640.14	1	0.17194000000000004	4015718.02
3999999	0.3699	0.025	0.027240513994504237	2	0.34198999999999996	4021811.82	2	0.337612	4030543.26	19	0.320398	4148605.74	2	0.33248000000000005	4039150.68
3999999	0.2286	0.025	0.030520744505898943	1	0.22817199999999999	3921632.92	1	0.222978	3927265.8	2	0.23850200000000002	3892281.64	1	0.22006199999999995	3933741.12
3999999	0.1096	0.025	0.02272641377377814	1	0.20967599999999997	3946958.96	1	0.203432	3933714.54	3	0.190618	3730271.26	1	0.21048399999999998	3915759.24
3999999	0.282	0.025	0.02715558951419095	1	0.30997199999999997	3997102.48	1	0.299014	4012931.9	1	0.30997199999999997	3997102.48	1	0.296292	4035194.32
3999999	0.3219	0.025	0.026809231542169427	1	0.374334	3979489.54	1	0.368156	3974290.3	7	0.270062	3816680.94	1	0.38589199999999996	4002191.9
3999999	0.4736	0.025	0.02540650385172518	1	0.454154	4050727.12	1	0.45447000000000004	4012789.58	3	0.436764	3989146.76	1	0.446054	4003018.9
3999999	0.2346	0.025	0.027805098080038913	1	0.24458200000000002	4088376.16	1	0.24403199999999997	4103163.18	1	0.24546999999999997	4047753.8	1	0.24403199999999997	4103163.18
3999999	0.1567	0.025	0.029441137011152387	1	0.24498799999999998	4039921.4	1	0.249334	4052160.1	1	0.249446	4066160.44	1	0.249446	4066160.44
3999999	0.1172	0.025	0.02294369053055996	1	0.20596399999999998	3987060.0	1	0.20545200000000002	3984166.12	1	0.20338199999999998	4043159.24	1	0.20545200000000002	3984166.12
3999999	0.3412	0.025	0.02816573214418184	1	0.3357880000000001	4192307.42	1	0.344438	4173575.62	1	0.349738	4163955.52	1	0.349738	4163955.52
3999999	0.4569	0.025	0.02641141541060624	1	0.487128	4066015.9	1	0.47776199999999996	4015725.52	20	0.4390860000000001	3891558.3	1	0.47776199999999996	4015725.52
3999999	0.2758	0.025	0.02514936511256244	1	0.25644	3855396.46	1	0.25623799999999997	3870580.96	1	0.256238	3870580.96	1	0.25596800000000003	3878690.02
3999999	0.2394	0.025	0.027050690687052438	1	0.274774	3910225.58	1	0.28083600000000003	3942413.12	4	0.28965	4064768.6	1	0.292556	3965625.42
3999999	0.3515	0.025	0.0270966705148068	1	0.326572	3927575.68	1	0.323146	3934526.78	2	0.339062	3894942.6	1	0.309536	3961344.94
3999999	0.4014	0.025	0.026253344035168213	1	0.34467200000000003	4064794.3	1	0.35151599999999994	4056012.24	65	0.284848	4294353.72	1	0.393316	4071552.98
3999999	0.14	0.025	0.022277790014055047	1	0.260628	3993349.76	1	0.256662	3925396.98	8	0.23711000000000002	3743142.78	1	0.254382	3921419.1
3999999	0.225	0.025	0.02717507010814444	1	0.25627199999999994	4027615.34	1	0.250094	4044686.16	3	0.262978	3982608.64	1	0.250094	4044686.16
3999999	0.1784	0.025	0.03125889989850027	1	0.24837999999999996	4000288.2	2	0.23966	3991923.64	2	0.234844	3983399.82	2	0.24837999999999996	4000288.2
3999999	0.2048	0.025	0.02601843240832894	1	0.23119199999999998	3844194.36	1	0.23119199999999998	3844194.36	4	0.282988	3947124.2	2	0.24047399999999997	3862055.6
3999999	0.1941	0.025	0.029649183077442343	1	0.230172	3949852.44	2	0.22505399999999998	3973283.78	13	0.18792999999999999	4175280.92	2	0.222018	3985525.66
3999999	0.2906	0.025	0.028083911736215213	1	0.256592	3915044.94	1	0.25312399999999996	3908389.02	23	0.25271600000000005	3799752.22	1	0.253124	3908389.02
3999999	0.1696	0.025	0.027362798237969565	1	0.23550800000000002	4010857.84	1	0.23862600000000003	4016280.62	26	0.20412199999999994	4466163.68	1	0.229308	4004103.28
3999999	0.1652	0.025	0.02959927875353838	1	0.19744200000000003	4109936.64	3	0.2261	3987245.0	6	0.22113400000000002	3822318.8	2	0.21777199999999997	3998892.74
3999999	0.4057	0.025	0.02742720215821998	1	0.3739839999999999	3968759.98	2	0.38689799999999996	3905970.94	36	0.321736	3687233.36	4	0.38580400000000004	3894595.88
3999999	0.11	0.025	0.028038227032181895	1	0.164098	4004308.76	1	0.17785800000000002	3942674.98	1	0.17785800000000002	3942674.98	1	0.191908	3904624.2
3999999	0.2592	0.025	0.026546459385180472	1	0.32227200000000006	3976939.7	2	0.33312200000000003	4021191.12	1	0.32227200000000006	3976939.7	2	0.33312200000000003	4021191.12
3999999	0.4145	0.025	0.026015793430789393	1	0.391114	3995725.88	1	0.394994	4006823.72	1	0.391114	3995725.88	1	0.394994	4006823.72
3999999	0.1814	0.025	0.030092601027186378	1	0.223812	3969595.2	1	0.22381199999999996	3969595.2	5	0.20947	4009258.82	2	0.211224	4004640.6
3999999	0	0.025	0.02729429392487259	0	0.37785	3940016.66	0	0.37785	3940016.66	0	0.35944400000000004	3975027.12	0	0.37785	3940016.66
3999999	0.322	0.025	0.025586030678863555	1	0.359808	3954685.88	1	0.34237600000000007	3928265.82	16	0.23582	3620956.16	1	0.321518	3893561.48
3999999	0.2017	0.025	0.0247707141029227	1	0.24108999999999997	3983360.96	2	0.24186799999999997	4019350.06	24	0.24364800000000003	4363063.2	2	0.24634599999999998	4048757.08
3999999	0.1975	0.025	0.024173104544874126	1	0.25701	4013024.7	1	0.277182	3983584.46	14	0.25735399999999997	3530119.64	1	0.277182	3983584.46
3999999	0.2892	0.025	0.025340647523815915	1	0.290764	4035901.24	2	0.272402	4082898.74	16	0.26817599999999997	4185846.6	5	0.274684	4103343.54
3999999	0.3467	0.025	0.024723843253533266	1	0.35440200000000005	4017730.64	1	0.35267	4013919.88	14	0.32006400000000007	3805702.16	1	0.35440200000000005	4017730.64
3999999	0.4758	0.025	0.025843844063139613	1	0.441476	3958292.06	1	0.42872400000000005	3989732.5	1	0.441476	3958292.06	2	0.428108	4012347.32
3999999	0.3532	0.025	0.026400630729927398	1	0.37099999999999994	4009761.2	1	0.370558	4010643.72	16	0.343304	4185077.56	2	0.36573199999999995	4027465.78
3999999	0.13	0.025	0.024154247241950415	1	0.19179200000000002	3895027.86	1	0.19179200000000002	3895027.86	18	0.147574	3506340.28	1	0.19179200000000002	3895027.86
3999999	0.2796	0.025	0.025249569438894972	1	0.30472999999999995	3914484.2	1	0.291232	3950190.86	42	0.187482	4525876.8	4	0.27813000000000004	4060368.36
3999999	0.1462	0.025	0.030661821887668285	1	0.18098599999999995	3985392.6	4	0.18245999999999998	4013407.84	4	0.181954	3960967.8	5	0.18284199999999998	4032343.26
3999999	0.1501	0.025	0.023769273183004466	1	0.225412	4118295.64	1	0.225412	4118295.64	1	0.24762599999999999	4014498.7	1	0.225412	4118295.64
3999999	0.4052	0.025	0.026481889317692207	1	0.38831000000000004	3961184.52	1	0.395958	3915324.5	1	0.38831000000000004	3961184.52	1	0.39138000000000006	3954446.94
3999999	0.2582	0.025	0.027255224514880154	1	0.252422	3855048.52	1	0.25156400000000007	3873573.92	1	0.251656	3851421.54	1	0.25156400000000007	3873573.92
3999999	0.2614	0.025	0.026561412044225526	1	0.302904	3953490.28	1	0.302904	3953490.28	1	0.302904	3953490.28	1	0.302904	3953490.28
3999999	0.2686	0.025	0.025883912162579854	1	0.31949	3923035.7	1	0.32782599999999995	3916533.96	1	0.32297800000000004	3910028.58	1	0.327826	3916533.96
3999999	0.2528	0.025	0.025842794820973392	1	0.257122	4032550.72	1	0.255606	4030210.94	6	0.26357	4068853.14	1	0.257122	4032550.72
3999999	0.2276	0.025	0.023807163230033533	1	0.312626	3932053.54	1	0.317168	3907315.84	1	0.317384	3914939.36	1	0.315796	3906032.96
3999999	0.2289	0.025	0.026804752999113814	1	0.295386	4005803.12	2	0.267312	3920673.78	3	0.25122	3846037.06	3	0.25873199999999996	3896649.42
3999999	0.271	0.025	0.024713280430525564	1	0.305314	3992127.48	1	0.305314	3992127.48	2	0.297196	4012293.74	1	0.30074199999999995	3985723.5
3999999	0.4131	0.025	0.02751289657711511	1	0.38515199999999994	4018509.04	3	0.376482	3989842.24	1	0.385152	4018509.04	4	0.381546	3973297.32
3999999	0.1739	0.025	0.0282935518199129	1	0.20101999999999998	4071166.4	1	0.19364800000000001	4078744.16	9	0.187166	4481149.92	1	0.189174	4084291.46
3999999	0.1527	0.025	0.029196158162941188	1	0.207086	3973211.92	1	0.207086	3973211.92	1	0.202328	3980081.74	1	0.207086	3973211.92
3999999	0.2315	0.025	0.02941497719078021	3	0.270136	3960368.78	4	0.27013600000000004	3960368.78	10	0.28045800000000004	4046899.9	8	0.278412	3990361.28
3999999	0.1796	0.025	0.026025065402628188	1	0.22002599999999997	3999343.94	2	0.218324	4020225.82	3	0.222034	3975876.74	2	0.218324	4020225.82
3999999	0.4067	0.025	0.02619351454210025	1	0.37054999999999993	4100861.6	1	0.37055	4100861.6	1	0.37055	4100861.6	1	0.37055	4100861.6
3999999	0.202	0.025	0.03011503184113685	1	0.209736	4169547.76	1	0.21237800000000004	4181010.04	3	0.20615999999999995	4202138.08	1	0.21056800000000003	4185431.02
3999999	0.614	0.025	0.025664447026274267	1	0.535006	3992887.24	19	0.5038900000000001	3936142.3	1	0.538876	3999854.16	23	0.499196	3913337.8
3999999	0.187	0.025	0.023906518301053916	1	0.194404	3913686.48	2	0.20166	3835890.28	29	0.19671400000000003	3673978.48	2	0.20044399999999998	3833570.6
3999999	0.4219	0.025	0.024883610414590376	1	0.40968599999999994	4124563.8	1	0.398026	4088375.54	30	0.30822999999999995	3734091.9	1	0.39802599999999994	4088375.54
3999999	0.5118	0.025	0.027553495031756584	1	0.457882	4014307.28	3	0.438718	4107244.32	3	0.438718	4107244.32	13	0.39087599999999995	4204872.68
3999999	0.4763	0.025	0.027819786232874327	1	0.4318020000000001	4001801.84	22	0.44528799999999996	4042197.96	22	0.44528799999999996	4042197.96	22	0.44528799999999996	4042197.96
3999999	0.762	0.025	0.02663409592940383	1	0.679342	4017094.28	3	0.66924	4035966.66	70	0.585062	4183543.98	3	0.66924	4035966.66
3999999	0.3872	0.025	0.02589639306354799	1	0.381496	4052058.02	1	0.386716	4023548.84	4	0.372606	4120458.8	1	0.39463600000000004	3996006.36
3999999	0.6925	0.025	0.024626250884075898	1	0.64595	4044710.96	3	0.6485900000000001	3988497.66	3	0.655474	4005336.02	5	0.6456879999999999	3961112.04
3999999	0.3528	0.025	0.02691427662650146	1	0.35383400000000004	4058446.74	1	0.35202	4047089.94	9	0.35055	4130923.16	1	0.35383400000000004	4058446.74
3999999	0.1119	0.025	0.027563007710082243	1	0.20819600000000002	4016618.82	1	0.20765599999999998	4026069.48	1	0.20765599999999998	4026069.48	1	0.20765599999999998	4026069.48
3999999	0.7807	0.025	0.02334763006266835	1	0.7070179999999999	4021124.14	13	0.673246	4123971.8	52	0.608866	4196853.58	42	0.619542	4185135.76
3999999	0.1433	0.025	0.028626569479600617	2	0.15671799999999997	4129948.96	2	0.167656	4114627.16	13	0.14699199999999998	4171241.58	2	0.19052	4065043.38
3999999	0.6677	0.025	0.02582531340189415	1	0.611734	4007745.28	9	0.6330399999999998	3943559.06	54	0.489242	3661521.98	14	0.631982	3942041.3
3999999	0.8316	0.025	0.025286908295800842	1	0.7210599999999999	4141429.68	6	0.755226	4033023.46	220	0.41678800000000005	3566850.16	7	0.753272	4012461.62
3999999	0.8587	0.025	0.02152461337417175	2	0.7288080000000001	3907252.74	69	0.683078	3848659.14	508	0.451084	3444405.52	90	0.643322	3811301.14
3999999	0	0.025	0.025754035208590553	0	0.66086	3904757.6	0	0.667962	3887829.46	0	0.667962	3887829.46	0	0.667962	3887829.46
3999999	0.8755	0.025	0.024156586773080996	2	0.7334	3960395.0	43	0.7720360000000001	4092773.38	7	0.75626	4000212.46	76	0.69197	4130011.9
3999999	0.4997	0.025	0.027249714705339264	1	0.47751599999999994	4002292.7	2	0.47082799999999997	4108733.28	2	0.46594599999999997	4119150.7	2	0.47082799999999997	4108733.28
3999999	0.7354	0.025	0.027884394993728658	1	0.702722	4030658.68	18	0.709106	4068045.4	18	0.70865	4070880.84	18	0.70865	4070880.84
3999999	0.2843	0.025	0.02447329444527312	1	0.293502	4022938.0	1	0.29148799999999997	4008244.22	1	0.296006	3992343.42	1	0.295052	3988658.28
3999999	0.2898	0.025	0.02626790902482424	1	0.2825	4066799.82	1	0.28643599999999997	4089050.02	40	0.251146	4215090.02	1	0.28643599999999997	4089050.02
3999999	0.8022	0.025	0.025623345838852854	1	0.7103820000000001	4003507.62	1	0.776756	4040549.0	152	0.41078599999999993	4557314.08	1	0.7938639999999999	4048131.78
3999999	0.8349	0.025	0.025652588650965435	6	0.7616719999999999	3998254.68	40	0.7568679999999999	3936394.54	349	0.558924	3668815.24	56	0.7311719999999998	3901904.24
3999999	0.2804	0.025	0.025199113239878196	1	0.295692	3991896.04	1	0.30184	3962604.7	1	0.298888	3942955.2	1	0.30184000000000005	3962604.7
3999999	0.5178	0.025	0.02872914747502152	1	0.431614	3969623.62	1	0.43796199999999996	3923624.32	1	0.432208	3981707.64	1	0.431614	3969623.62
3999999	0.428	0.025	0.026689394040401767	1	0.46789200000000003	4013117.6	3	0.4731840000000001	4024825.56	13	0.40781599999999996	4113166.6	3	0.4731840000000001	4024825.56
3999999	0.7007	0.025	0.0237925793699156	1	0.6226	3967178.04	1	0.6225999999999999	3967178.04	22	0.646968	4101790.6	4	0.624126	3971253.46
3999999	0.5768	0.025	0.027177045474683057	1	0.55527	3938038.46	4	0.5568460000000001	3936439.76	7	0.5483060000000001	3917157.9	1	0.55527	3938038.46
3999999	0.6599	0.025	0.02444702133309899	1	0.636502	3961665.42	1	0.6366520000000001	3961723.58	19	0.6021259999999999	3910323.2	1	0.636502	3961665.42
3999999	0.1214	0.025	0.027602238127483403	1	0.22700000000000004	4053851.62	2	0.217438	4115502.08	1	0.241114	4392099.0	2	0.215934	4137964.12
3999999	0.8398	0.025	0.02469698235323959	2	0.7732680000000002	4044257.52	3	0.768066	4056795.6	131	0.6455120000000001	4235955.24	10	0.7870220000000002	4065712.2
3999999	0.8313	0.025	0.025894587291797902	1	0.7390859999999999	3889833.06	2	0.738364	3904580.36	71	0.715554	3832823.84	3	0.7335999999999998	3924227.54
3999999	0.4772	0.025	0.02423381504202416	1	0.397918	3992867.8	1	0.399692	3994337.02	1	0.397918	3992867.8	1	0.397918	3992867.8
3999999	0.8323	0.025	0.02458484969156141	1	0.746584	3980104.42	1	0.74665	3986124.42	480	0.485222	3445009.88	1	0.74665	3986124.42
3999999	0.7264	0.025	0.02700115789382378	1	0.68324	3936516.04	3	0.7199959999999999	4017869.9	3	0.6674140000000002	3922475.1	4	0.705098	4034266.38
3999999	0.3923	0.025	0.02838898930358716	1	0.31887600000000005	4184393.9	1	0.34648199999999996	4134808.84	1	0.34648199999999996	4134808.84	1	0.35038800000000003	4115760.58
3999999	0.324	0.025	0.02919597149076868	1	0.322478	4040325.14	5	0.323204	4067302.18	1	0.322478	4040325.14	6	0.323204	4067302.18
3999999	0.8307	0.025	0.02409518131031735	1	0.7939980000000001	4024810.28	9	0.8010959999999998	3975207.84	468	0.40809399999999996	3420237.16	15	0.7984340000000002	3907484.36
3999999	0.4764	0.025	0.02586443415312075	1	0.492664	4054022.8	1	0.490864	4051553.1	1	0.49457000000000007	4061891.04	1	0.492664	4054022.8
3999999	0.8034	0.025	0.02810523705439622	1	0.636292	4128108.9	1	0.640882	4159792.12	162	0.500186	4391409.68	1	0.641344	4193720.62
3999999	0.6662	0.025	0.025978739372674704	5	0.603914	3991464.06	31	0.54286	3877467.08	5	0.603914	3991464.06	32	0.537172	3870347.54
3999999	0.6228	0.025	0.026853493337820455	1	0.556696	4049554.92	5	0.555706	4049588.72	1	0.556696	4049554.92	1	0.556696	4049554.92
3999999	0.5073	0.025	0.026835407021728545	1	0.45964400000000005	4046005.98	8	0.464904	4024417.16	1	0.46311	4057523.4	8	0.468588	4022024.68
3999999	0.2843	0.025	0.027464750271385452	1	0.30399999999999994	4078863.72	1	0.29764599999999997	4063562.22	1	0.304	4078863.72	1	0.289406	4040329.34
3999999	0.877	0.025	0.023956677201472	1	0.764602	4079286.98	7	0.7679699999999999	4091912.56	69	0.738904	4167348.02	19	0.775824	4103425.04
3999999	0.8669	0.025	0.024243910526810634	1	0.751466	3902049.68	2	0.7855300000000001	3903620.1	11	0.78553	3903620.1	2	0.7855300000000001	3903620.1
3999999	0.6546	0.025	0.02464733258811717	1	0.5852539999999999	4067836.7	15	0.586414	4124480.72	31	0.5511300000000001	4207857.68	20	0.576658	4158658.96
3999999	0.5999	0.025	0.025243684681371416	1	0.563686	4012948.52	1	0.5636859999999999	4012948.52	7	0.57016	4077628.4	1	0.558354	4021406.24
3999999	0.2042	0.025	0.02471357912864145	1	0.22505399999999998	4037379.62	1	0.23133799999999996	4051732.2	6	0.22346600000000003	4190655.08	1	0.232672	4071262.74
3999999	0.3957	0.025	0.025335137962240715	1	0.38782399999999995	3864463.58	1	0.39563799999999993	3912609.5	31	0.285378	3683786.18	1	0.383228	3918353.24
3999999	0.8221	0.025	0.026113193423934273	1	0.764208	4006233.0	54	0.6514779999999999	3756489.98	538	0.36236999999999997	3284847.7	105	0.6137220000000001	3701614.62
3999999	0.66	0.025	0.027081925986503098	1	0.602622	4133761.94	1	0.6301100000000001	4056149.52	1	0.5773820000000001	3985645.12	1	0.5927700000000001	4032163.36
3999999	0.7707	0.025	0.025186569061583484	1	0.6452119999999999	3959739.12	22	0.6128800000000001	3874155.56	32	0.6307099999999999	4182595.44	42	0.610756	3866231.32
3999999	0.243	0.025	0.02559567753632649	1	0.230786	3838575.66	1	0.25961399999999996	3899215.2	1	0.258592	3896334.4	1	0.263306	3905641.88
3999999	0.5284	0.025	0.02652717038256428	1	0.48798400000000003	4092438.84	1	0.497796	4083593.06	1	0.492112	4097409.26	1	0.497796	4083593.06
3999999	0.5835	0.025	0.02599314385021212	1	0.5564339999999999	3959446.58	1	0.5543299999999999	3956954.4	2	0.579626	4008662.28	1	0.5564339999999999	3959446.58
3999999	0.6326	0.025	0.02705487486239091	1	0.597282	3985090.0	2	0.5994379999999999	3970317.7	1	0.597282	3985090.0	1	0.597282	3985090.0
3999999	0.576	0.025	0.023235459058188412	1	0.556466	3991146.52	7	0.538502	3917365.14	7	0.543382	3904309.48	7	0.54327	3904280.68
3999999	0.6688	0.025	0.025195287165966383	1	0.6666599999999998	3992559.36	1	0.6666599999999999	3992559.36	81	0.536734	3799750.78	7	0.6733560000000002	4001669.4
3999999	0.6373	0.025	0.02523794031266112	1	0.6261939999999999	4043278.66	9	0.5981200000000001	3967287.04	62	0.494718	3798843.92	11	0.574774	3932805.2
3999999	0.499	0.025	0.027728169355970722	1	0.492538	4002860.9	3	0.4954239999999999	4038554.32	1	0.47456999999999994	3958448.84	3	0.4954239999999999	4038554.32
3999999	0.7495	0.025	0.02416230403055099	1	0.662516	4036815.54	2	0.6772459999999999	4015489.54	1	0.650464	4088687.1	2	0.6772459999999999	4015489.54
3999999	0.7088	0.025	0.026731238565779573	1	0.6740079999999999	3944762.06	1	0.673818	3930711.78	114	0.535288	3651581.76	5	0.657268	3876284.4
3999999	0.7688	0.025	0.026643466686716934	1	0.71097	4104675.54	13	0.703588	3945795.34	1	0.71097	4104675.54	21	0.7026319999999999	3936697.6
3999999	0.7013	0.025	0.02514355261794236	1	0.603422	3918895.68	1	0.594204	3909689.84	22	0.603504	4158902.2	2	0.60558	3900766.68
3999999	0.7621	0.025	0.025986002534642897	1	0.6305139999999999	4072099.42	2	0.630514	4072099.42	88	0.441736	3682572.48	1	0.6305139999999999	4072099.42
3999999	0.8174	0.025	0.02520831853093914	2	0.683374	3854128.08	2	0.6765599999999999	3839525.18	226	0.544264	4190246.24	2	0.683374	3854128.08
3999999	0.4698	0.025	0.02563381400628814	1	0.39965199999999995	4151737.58	1	0.40723600000000004	4102285.9	106	0.254848	3385724.96	1	0.379894	4026281.02
3999999	0.6853	0.025	0.024489681442273068	1	0.610896	3965977.14	3	0.59283	4019531.82	6	0.5571780000000001	4100879.82	3	0.599762	4017176.44
3999999	0.6077	0.025	0.026317790421545553	2	0.538102	4106118.08	3	0.534672	3980217.2	5	0.39926799999999996	3787210.58	8	0.513916	3940727.9
3999999	0.5889	0.025	0.02537104662216874	1	0.525732	4112236.72	1	0.5354359999999999	4066127.24	6	0.6143759999999999	3957467.66	1	0.5354359999999999	4066127.24
3999999	0.3672	0.025	0.026364396069314355	2	0.36869599999999997	3913540.9	2	0.36954399999999993	3908170.66	2	0.36954399999999993	3908170.66	5	0.3720539999999999	3905451.9
3999999	0.4761	0.025	0.025950301201118842	1	0.444148	3944479.04	16	0.419784	3873887.44	11	0.42339800000000005	3883221.66	18	0.41662600000000005	3864343.54
3999999	0.5753	0.025	0.027652239515116202	1	0.5706859999999999	4003050.24	1	0.5749219999999999	4017672.88	2	0.572892	3983642.28	1	0.574922	4017672.88
3999999	0.4584	0.025	0.02665596897596834	1	0.402938	3880174.54	1	0.38502000000000003	3816015.56	77	0.326188	3636655.4	7	0.36881	3777943.66
3999999	0.3702	0.025	0.026180503920519006	1	0.37189400000000006	3988346.2	3	0.376318	4025521.54	1	0.37742799999999993	4002703.82	3	0.379324	4060417.36
3999999	0.7221	0.025	0.02486197831378226	1	0.660768	4038212.52	1	0.660768	4038212.52	160	0.49791399999999997	4361633.62	2	0.660258	4053969.94
3999999	0.7533	0.025	0.024864185792768684	1	0.66246	3949923.34	4	0.6772019999999999	3968589.18	1	0.659706	3944198.72	6	0.678802	3969568.86
3999999	0.7568	0.025	0.023836153198051057	2	0.6511319999999999	4106570.72	2	0.6511319999999999	4106570.72	38	0.636798	4170989.82	2	0.6593159999999999	4108312.92
3999999	0.7048	0.025	0.026753303010635377	1	0.6617740000000001	3946836.76	3	0.6617740000000001	3946836.76	74	0.535944	3699619.08	8	0.666888	3931057.16
3999999	0.8665	0.025	0.02356993642052217	1	0.6719179999999999	4125365.3	2	0.6866180000000002	4017971.16	1	0.671918	4125365.3	16	0.760262	3914959.26
3999999	0.696	0.025	0.024998336426579303	1	0.6449339999999999	4004721.3	7	0.6459579999999999	3975923.66	1	0.6497959999999999	4011898.14	10	0.6485920000000001	3965105.42
3999999	0.2185	0.025	0.02879207822335822	1	0.20618599999999998	4161728.6	2	0.206186	4161728.6	3	0.199254	4092309.98	10	0.20979600000000004	4180282.84
3999999	0.7614	0.025	0.026593068015547693	1	0.635554	4120948.28	11	0.609772	4178587.28	145	0.565136	4228307.84	43	0.594604	4191347.62
3999999	0.1913	0.025	0.027400077050434637	1	0.21149600000000002	4120583.34	1	0.20012999999999997	4163353.82	6	0.226818	3936300.18	7	0.196066	4204266.78
3999999	0.4722	0.025	0.028455844796431498	1	0.39842	4029725.48	1	0.395924	4026428.3	5	0.38872	4028487.24	1	0.39841999999999994	4029725.48
3999999	0.1018	0.025	0.02563116627497942	1	0.24402399999999996	3967770.32	1	0.23356599999999997	4000252.74	1	0.19876799999999994	4312990.72	1	0.226514	4019659.98
3999999	0.6294	0.025	0.02461917306165289	1	0.602636	3990760.94	6	0.566714	3899038.58	1	0.5809000000000001	3952764.32	7	0.566714	3899038.58
3999999	0.3353	0.025	0.025514756902525953	1	0.37282000000000004	4010951.72	1	0.41531400000000007	4027208.2	1	0.38341200000000003	4030724.62	1	0.39375200000000005	4018382.46
3999999	0.8516	0.025	0.023903557400892433	1	0.746296	4088510.06	7	0.743338	4091584.68	245	0.632936	4232969.26	7	0.743338	4091584.68
3999999	0.8549	0.025	0.02802276909809209	1	0.781272	3981330.48	13	0.7681899999999999	3916402.86	16	0.7698079999999998	3912446.56	16	0.7698079999999998	3912446.56
3999999	0.5958	0.025	0.02731184099856929	1	0.5500200000000001	4106264.46	1	0.5570780000000001	4051586.38	3	0.545974	3999730.4	1	0.557078	4051586.38
3999999	0.5235	0.025	0.026313763174127522	1	0.5048819999999999	4048484.04	10	0.523996	4120538.58	16	0.503644	4163850.74	11	0.5275420000000001	4124957.14
3999999	0.7618	0.025	0.0225475439270641	2	0.701204	3906035.82	4	0.7105360000000001	4022361.84	14	0.68867	4189302.46	4	0.702732	4034196.98
3999999	0.8036	0.025	0.025710551517447753	1	0.731108	4006617.34	4	0.749128	3982076.92	29	0.636828	4201738.68	7	0.768744	3947023.94
3999999	0.7173	0.025	0.0241606636497617	1	0.6780480000000001	4023177.08	9	0.6804180000000001	4005863.96	1	0.6814579999999999	4015466.32	9	0.6776540000000001	4003735.2
3999999	0.8534	0.025	0.023584003680358134	1	0.691442	4019214.46	2	0.69638	3981326.64	599	0.371464	4579196.28	2	0.69638	3981326.64
3999999	0.6552	0.025	0.025309295213573575	1	0.603046	4114961.12	7	0.587184	4137226.78	4	0.587184	4137226.78	11	0.5639839999999999	4170216.3
3999999	0.3533	0.025	0.029006623823712212	1	0.34663	3870959.04	2	0.36817	3940195.88	3	0.358118	3964808.98	2	0.36817	3940195.88
3999999	0.7469	0.025	0.026330192558449973	1	0.68988	4088577.24	10	0.68902	4054928.68	11	0.68709	4121138.7	10	0.68902	4054928.68
3999999	0.3331	0.025	0.024704571626232446	3	0.308242	3871850.26	18	0.289	3799135.32	16	0.28607	3805321.32	18	0.286684	3764571.14
3999999	0.6871	0.025	0.026397519810854798	1	0.6222859999999999	3942221.82	2	0.6394839999999999	3925937.22	1	0.6128939999999999	3956466.14	2	0.646584	3931000.76
3999999	0.7387	0.025	0.024777472837825647	5	0.6587879999999999	3977288.16	6	0.662592	3967327.34	65	0.616974	3784038.96	5	0.6587879999999999	3977288.16
3999999	0.8897	0.025	0.023546109728121493	3	0.723792	4147992.46	49	0.717924	4164550.28	220	0.597454	4295997.1	54	0.6931379999999998	4187124.1
3999999	0.6046	0.025	0.026633718853266736	1	0.6095039999999999	4058444.4	1	0.609504	4058444.4	6	0.542072	3870243.52	1	0.609504	4058444.4
3999999	0.7564	0.030	0.02973751445395277	1	0.7152660000000002	4064936.82	2	0.7227839999999999	4083058.52	22	0.717868	4106156.6	8	0.728896	4095926.06
3999999	0	0.030	0.0335163405346669	0	0.251488	3846070.98	0	0.25088	3832427.38	0	0.251488	3846070.98	0	0.252406	3820403.02
3999999	0.1378	0.030	0.03170823444689111	1	0.17874400000000001	3986643.86	2	0.17624599999999999	3993324.58	1	0.17874400000000001	3986643.86	2	0.17743000000000003	4007609.62
3999999	0.6858	0.030	0.03083435780495448	3	0.563192	4015538.16	4	0.55681	3993358.56	4	0.55681	3993358.56	12	0.5609680000000001	3889105.44
3999999	0.8784	0.030	0.029845462832704363	1	0.774518	4024248.96	12	0.7981120000000002	4108444.7	123	0.710118	4208456.72	31	0.7923200000000001	4115192.56
3999999	0.6899	0.030	0.028725196870748416	1	0.640642	3928277.76	18	0.6334919999999999	3832178.32	29	0.623134	3800792.2	29	0.620576	3791267.7
3999999	0.7648	0.030	0.02957398606301128	1	0.6930200000000001	4033043.56	3	0.707364	4016060.58	66	0.629138	4206631.74	3	0.707364	4016060.58
3999999	0.6856	0.030	0.031758258001157766	1	0.569102	3925041.24	1	0.568262	3883671.18	2	0.574222	3932716.86	1	0.578	3913542.22
3999999	0.8322	0.030	0.02907597741341593	3	0.6777040000000001	4085349.88	7	0.732278	3955852.8	20	0.6851220000000001	4194365.62	6	0.6864520000000001	4050535.72
3999999	0.7991	0.030	0.031132341827724022	1	0.7464100000000002	4015309.6	2	0.7351380000000001	4105167.7	7	0.696292	4159061.98	2	0.7351380000000001	4105167.7
3999999	0.4998	0.030	0.031585476373405676	1	0.4428620000000001	3867094.18	2	0.436338	3860109.72	1	0.4428620000000001	3867094.18	2	0.438204	3869235.32
3999999	0.3585	0.030	0.029358648022108635	1	0.39126799999999995	4079770.52	1	0.4185920000000001	4014542.18	1	0.42235599999999995	4004121.22	1	0.4121499999999999	3994117.14
3999999	0.3553	0.030	0.03025349162840745	1	0.34956399999999993	3958584.4	9	0.341008	3935138.92	10	0.33779400000000004	3906002.5	12	0.33532999999999996	3881197.64
3999999	0.7789	0.030	0.02946599899036235	2	0.7074339999999999	3923974.0	29	0.645216	3783108.02	2	0.7086520000000001	3925258.62	35	0.64393	3781290.22
3999999	0.3207	0.030	0.028928894054899106	1	0.354146	3981255.24	2	0.354146	3981255.24	1	0.354146	3981255.24	2	0.349892	3994885.44
3999999	0.2996	0.030	0.03133711530094267	1	0.32691	4081093.02	1	0.32559400000000005	4115156.46	3	0.32461399999999996	4201114.24	3	0.33626	4165818.14
3999999	0.8824	0.030	0.026392771272151182	1	0.7139220000000001	4153168.16	32	0.73423	4151491.1	193	0.639744	4251188.02	75	0.715132	4174667.04
3999999	0.3141	0.030	0.02845146185399597	1	0.32372	3960297.14	6	0.33285799999999993	3935410.44	1	0.32372	3960297.14	7	0.336772	3915860.02
3999999	0.6136	0.030	0.03182835822376148	1	0.54647	3966530.86	3	0.5324880000000001	3892802.2	5	0.5288660000000001	3856676.2	5	0.5288660000000001	3856676.2
3999999	0.8447	0.030	0.02897184382674868	1	0.7009859999999999	4010576.06	1	0.708674	4034234.28	120	0.643626	3794641.0	1	0.7086739999999999	4034234.28
3999999	0.5238	0.030	0.03107962722870994	1	0.505094	3987027.4	30	0.49672199999999994	3956608.44	1	0.505094	3987027.4	30	0.49672199999999994	3956608.44
3999999	0.8261	0.030	0.02964742416449143	1	0.778892	4070123.56	3	0.792352	4030682.22	57	0.7128640000000002	3844709.92	1	0.778892	4070123.56
3999999	0.7563	0.030	0.030145870592167986	1	0.69679	3985028.08	14	0.6529520000000001	3869011.62	14	0.6529520000000001	3869011.62	14	0.6529520000000001	3869011.62
3999999	0.8369	0.030	0.03243630353417769	1	0.7239819999999999	4098514.3	31	0.6990040000000001	4138016.06	1	0.7296539999999999	4058854.58	31	0.6990040000000001	4138016.06
3999999	0.8498	0.030	0.02913120694016461	1	0.7314459999999999	3968312.36	2	0.725432	3982567.5	35	0.7231479999999999	3845682.84	2	0.725432	3982567.5
3999999	0.8394	0.030	0.02999421125114662	1	0.7622699999999999	3927412.26	16	0.7271219999999999	4072595.22	30	0.700892	4105765.38	62	0.6713100000000002	4156686.38
3999999	0.7241	0.030	0.028060559425660873	1	0.672384	4020401.26	3	0.667548	4007273.44	8	0.684228	4097773.06	3	0.665238	3982344.9
3999999	0.6124	0.030	0.03230794979124825	1	0.544228	4038315.74	2	0.5806840000000001	4009829.18	1	0.540364	4050955.92	1	0.544228	4038315.74
3999999	0.5496	0.030	0.030208239971606172	1	0.492008	4042623.96	3	0.494966	3992835.6	1	0.49485399999999996	4018755.18	2	0.49865000000000004	3994188.48
3999999	0.2343	0.030	0.030842038697972893	1	0.232072	3911400.38	2	0.25888399999999995	4026911.94	2	0.227072	3841529.8	3	0.266444	4055058.62
3999999	0.8223	0.030	0.02963568237483422	1	0.74741	3946979.18	1	0.7474099999999999	3946979.18	35	0.7009819999999999	4274349.96	1	0.74741	3946979.18
3999999	0.8222	0.030	0.028600464531719185	1	0.71943	3998341.84	52	0.697264	3910569.14	15	0.6451520000000001	4143556.3	74	0.694226	3906858.06
3999999	0.8214	0.030	0.028010039318799054	1	0.7183480000000002	3883372.38	3	0.6891799999999999	3938494.58	22	0.739362	3869689.9	3	0.68998	3951917.0
3999999	0.7173	0.030	0.02989849196262382	1	0.6900800000000001	3956608.78	5	0.6723540000000001	4011288.64	27	0.6643979999999999	3883349.12	20	0.6437960000000001	4117417.82
3999999	0.8749	0.030	0.029409879409644044	1	0.7810720000000001	3977446.96	2	0.773038	3990194.78	95	0.705264	3799532.28	15	0.753066	4063021.5
3999999	0.5839	0.030	0.029904214269439473	1	0.5408379999999999	4081368.18	18	0.534454	4084347.54	1	0.54289	4080128.06	22	0.532112	4086836.72
3999999	0.8827	0.030	0.028999007330987456	1	0.737592	4002532.04	8	0.76716	3912406.88	177	0.6300760000000001	3750485.26	8	0.76716	3912406.88
3999999	0.5187	0.030	0.028965191861728194	1	0.49636399999999997	4042460.38	7	0.50705	3971561.96	1	0.49636399999999997	4042460.38	10	0.510042	3969062.48
3999999	0.2815	0.030	0.02769623410047998	3	0.248594	4072122.92	3	0.24663600000000002	4068829.16	3	0.248594	4072122.92	4	0.24663600000000002	4068829.16
3999999	0.8049	0.030	0.027952715951320168	1	0.663368	3917915.8	1	0.659752	3899504.48	31	0.6524199999999999	4139094.78	1	0.659752	3899504.48
3999999	0.5372	0.030	0.028708587940456446	1	0.5225120000000001	4012625.4	2	0.5154799999999999	3997417.22	1	0.5225120000000001	4012625.4	2	0.519606	3990914.74
3999999	0.3985	0.030	0.03327089011940944	2	0.3928739999999999	4054209.42	16	0.41073400000000004	3948317.42	18	0.401408	3919309.88	18	0.4020519999999999	3931098.22
3999999	0.7136	0.030	0.028931888246322444	1	0.63095	4034188.88	1	0.6308739999999999	4041884.42	3	0.630856	4057368.84	1	0.63095	4034188.88
3999999	0.8658	0.030	0.02976437686435216	1	0.80345	3967566.64	34	0.816006	4045863.4	225	0.5568939999999999	4317152.56	34	0.817976	4061519.46
3999999	0.4845	0.030	0.03085754637060438	1	0.430152	3934216.22	2	0.42702400000000007	4027476.18	2	0.42347	3986405.88	4	0.36912	4105333.64
3999999	0.8935	0.030	0.029015867295389186	1	0.7645899999999999	4078972.96	16	0.7525159999999999	3944074.4	439	0.38376999999999994	3349683.98	16	0.7525159999999999	3944074.4
3999999	0.8238	0.030	0.02684953212297078	5	0.733282	3917451.4	9	0.708198	3990643.2	7	0.7146780000000001	3982230.6	16	0.6987099999999999	4012907.46
3999999	0.8689	0.030	0.03054890831515463	3	0.833128	3957054.72	58	0.8218299999999998	3946097.1	76	0.8070200000000001	3928144.74	66	0.8170660000000001	3940326.08
3999999	0.6923	0.030	0.02926710204173086	2	0.656412	3974297.88	12	0.653778	4019616.88	8	0.657362	4010521.02	15	0.6506880000000002	4029844.38
3999999	0.8375	0.030	0.0296261268144601	1	0.7998420000000002	4023830.92	18	0.786498	4063685.96	107	0.658578	3789508.96	23	0.7804859999999999	4084315.9
3999999	0.6562	0.030	0.029026874632204797	1	0.5124400000000001	4084942.5	2	0.5373800000000001	3996889.38	2	0.548292	3979635.42	2	0.548292	3979635.42
3999999	0.8489	0.030	0.03140137209006561	1	0.748014	4092401.3	9	0.756254	4035689.24	17	0.740764	3909194.92	9	0.761852	4031466.88
3999999	0.3303	0.030	0.029396762991509146	1	0.38876400000000005	4041788.1	1	0.38876399999999994	4041788.1	1	0.38876400000000005	4041788.1	1	0.38876400000000005	4041788.1
3999999	0.3162	0.030	0.02998065521636535	1	0.29577200000000003	3983397.24	1	0.284508	4007944.36	1	0.295772	3983397.24	1	0.28196799999999994	4046972.2
3999999	0.6821	0.030	0.029365930441153047	1	0.6075419999999999	3944538.66	1	0.620816	4016808.14	1	0.609694	3949837.14	10	0.602672	4102171.6
3999999	0.1855	0.030	0.031034500274417832	1	0.232502	3866422.02	1	0.232502	3866422.02	1	0.232502	3866422.02	1	0.232502	3866422.02
3999999	0.7937	0.030	0.029076714379919332	1	0.7164320000000001	3959879.66	10	0.7272580000000001	3907303.14	1	0.7122640000000001	4056147.82	22	0.7231359999999998	3876062.32
3999999	0.2348	0.030	0.027890553860466166	1	0.268238	3940363.46	1	0.26823800000000003	3940363.46	10	0.25899	3879531.84	1	0.26823800000000003	3940363.46
3999999	0.2601	0.030	0.027170661512206703	1	0.29692599999999997	3943384.46	1	0.299706	3936087.86	1	0.28112	3945643.04	1	0.299706	3936087.86
3999999	0.6071	0.030	0.02925692042484315	1	0.5509299999999999	3928072.44	12	0.546428	4022768.2	44	0.4137939999999999	4250386.42	21	0.55332	4067387.54
3999999	0.8136	0.030	0.02993744492669385	1	0.7081700000000001	3985429.42	1	0.7271459999999998	3961261.9	4	0.7291219999999999	3915825.66	1	0.7121500000000001	4017753.96
3999999	0.2782	0.030	0.030684693483218492	2	0.29102999999999996	3899791.92	2	0.29102999999999996	3899791.92	3	0.281802	3874235.08	2	0.29102999999999996	3899791.92
3999999	0.8177	0.030	0.028180290663989555	1	0.5886100000000001	4156919.02	1	0.587338	4162256.7	16	0.5847960000000001	4168037.6	1	0.58861	4156919.02
3999999	0.7897	0.030	0.02800631483238148	1	0.6920859999999999	3870565.46	4	0.724598	3928672.12	1	0.69999	3886245.96	4	0.7081120000000002	3950130.92
3999999	0.6949	0.030	0.031273023840162756	1	0.6274900000000001	3954642.8	2	0.635142	3944758.08	3	0.6311760000000001	3975534.16	2	0.6376000000000001	3933593.24
3999999	0.7292	0.030	0.029007824995569944	1	0.6906980000000001	3994262.04	5	0.694568	4040647.56	5	0.694568	4040647.56	5	0.6806840000000001	4059776.3
3999999	0.7575	0.030	0.02963448538550695	1	0.660232	4034478.58	5	0.67293	3875976.56	21	0.56528	3700070.62	5	0.6676320000000001	3862985.18
3999999	0.4465	0.030	0.031109479375533045	1	0.41013600000000006	4038483.92	21	0.40993	3938733.98	1	0.406996	4044142.56	22	0.40784600000000004	3935791.04
3999999	0.7219	0.030	0.031708902356986236	1	0.639974	4023264.52	15	0.607656	4096390.04	29	0.6031340000000001	4118242.04	23	0.6030679999999999	4105578.74
3999999	0.8101	0.030	0.028949614337969935	1	0.7752879999999999	4002569.26	19	0.7365160000000001	4090785.78	19	0.7365159999999998	4090785.78	33	0.6957480000000001	4152130.7
3999999	0.5724	0.030	0.030825151119478058	1	0.535396	3993298.52	9	0.49757399999999996	4063637.76	3	0.540614	3973707.9	13	0.492942	4070168.24
3999999	0.8266	0.030	0.028309603126426698	1	0.795038	4017600.16	3	0.78938	3966055.16	18	0.75062	3882773.08	3	0.7856140000000003	3956633.8
3999999	0.5311	0.030	0.029928458443300537	1	0.49695199999999995	3926969.58	1	0.5043460000000001	3949278.3	1	0.509126	3959421.04	1	0.509126	3959421.04
3999999	0.5909	0.030	0.030538997736371972	1	0.5411819999999999	3986031.42	2	0.53823	3966453.6	2	0.536166	3976293.12	3	0.5443060000000001	3921608.86
3999999	0.2654	0.030	0.030764965869166654	1	0.287392	4152145.48	1	0.32254799999999995	4042627.22	1	0.32254799999999995	4042627.22	1	0.32666399999999995	4031161.9
3999999	0.8295	0.030	0.02869288991677481	1	0.7362059999999999	3928095.04	1	0.753968	3911608.7	71	0.713676	3866363.18	1	0.753968	3911608.7
3999999	0.8233	0.030	0.027976121353753665	1	0.705026	3957354.5	8	0.687058	3928928.54	3	0.6976600000000001	3943745.08	43	0.6697899999999999	3918922.28
3999999	0.7286	0.030	0.029909953745363507	1	0.7362200000000001	4025736.32	2	0.7349899999999999	3992388.68	1	0.7362200000000001	4025736.32	2	0.7349899999999999	3992388.68
3999999	0.6989	0.030	0.03050173028260114	1	0.6448219999999999	4082874.88	1	0.6802499999999999	3960840.14	13	0.614598	4142741.36	2	0.6792960000000001	3947056.62
3999999	0.8663	0.030	0.030582582868893076	1	0.7460039999999999	3910027.8	106	0.645336	4159802.54	234	0.579574	4199695.14	199	0.581558	4197752.36
3999999	0.6514	0.030	0.029065862027430084	1	0.6416779999999999	3942601.58	1	0.648998	3952815.16	26	0.617962	3872866.56	1	0.634692	3970259.46
3999999	0.5051	0.030	0.03276394727281331	1	0.4528620000000001	4063504.2	1	0.459934	4071298.76	1	0.4528620000000001	4063504.2	1	0.4528620000000001	4063504.2
3999999	0.7721	0.030	0.028764125999599193	1	0.6734259999999999	3902508.84	3	0.68373	3854214.32	116	0.589244	3721852.12	6	0.6914799999999999	3852677.98
3999999	0.7701	0.030	0.03090929295146288	1	0.714242	4019239.58	7	0.7311139999999999	3975874.12	4	0.7239220000000001	3993971.9	9	0.7249599999999998	3965371.66
3999999	0.5693	0.030	0.03231998427264145	1	0.48805	4030070.08	3	0.49807199999999996	4119581.76	1	0.48805	4030070.08	3	0.497012	4125555.16
3999999	0.7019	0.030	0.030613764917926292	1	0.6505620000000001	3988138.96	13	0.6803440000000001	3933968.68	1	0.6505619999999999	3988138.96	17	0.6695	3923677.02
3999999	0.5024	0.030	0.03160213157069565	1	0.4834780000000001	4205784.86	1	0.48468799999999995	4203807.68	1	0.452356	4099295.2	4	0.500904	4189395.84
3999999	0.3205	0.030	0.031529094264953074	1	0.35267399999999993	3984963.66	1	0.35486199999999996	3992828.4	1	0.34333800000000003	4053377.68	1	0.34531399999999995	4042319.66
3999999	0.7105	0.030	0.031141046453983027	3	0.683026	3967557.04	3	0.683026	3967557.04	21	0.6506819999999999	3882477.56	4	0.6851440000000001	3969581.58
3999999	0.8876	0.030	0.029211766960992203	1	0.699228	4118871.58	7	0.7305379999999999	4118874.22	12	0.7114100000000001	4158145.24	12	0.7114100000000001	4158145.24
3999999	0.7979	0.030	0.028485981535474353	1	0.6314479999999999	4104361.12	80	0.562596	4207249.94	1	0.6385299999999999	4094599.72	88	0.551968	4218001.98
3999999	0.7118	0.030	0.029822719982799988	1	0.6728019999999999	4030553.2	1	0.6728019999999999	4030553.2	2	0.661194	4046325.48	1	0.6728019999999999	4030553.2
3999999	0.3345	0.030	0.03286710283930496	1	0.348658	4004174.42	1	0.33866	4022909.48	1	0.348658	4004174.42	1	0.33866	4022909.48
3999999	0.8667	0.030	0.029294804320120178	1	0.7550899999999998	4023556.28	23	0.7674479999999998	3929326.5	58	0.7541139999999998	4138964.78	23	0.7674479999999998	3929326.5
3999999	0.2745	0.030	0.03579666216953491	1	0.29853	3969050.58	1	0.27856400000000003	4089137.3	2	0.27674	4098619.74	2	0.279708	4094391.48
3999999	0.8166	0.030	0.026722978463091757	1	0.768232	3951937.22	9	0.789642	4050955.68	50	0.7244600000000001	3852181.44	9	0.782668	4060410.24
3999999	0.8189	0.030	0.025451899389425076	1	0.500074	4177034.76	1	0.560442	4147100.02	1	0.6848020000000001	4211704.44	1	0.6249359999999999	4223916.86
3999999	0.8822	0.030	0.026652919077178375	1	0.6721620000000001	3975359.94	73	0.66375	3844129.02	114	0.64287	3817358.86	86	0.657346	3837958.04
3999999	0.5621	0.030	0.031188365681922747	2	0.445962	4131812.86	2	0.44596199999999997	4131812.86	9	0.419234	4238139.4	2	0.44596199999999997	4131812.86
3999999	0.6142	0.030	0.029476199301726264	1	0.5856600000000001	3916969.96	13	0.534842	3870727.7	3	0.5305399999999999	3985761.92	14	0.5343479999999999	3869727.62
